-- MySQL dump 10.13  Distrib 8.0.33, for Win64 (x86_64)
--
-- Host: localhost    Database: mydb
-- ------------------------------------------------------
-- Server version	8.0.34-0ubuntu0.20.04.1

/*!40101 SET @OLD_CHARACTER_SET_CLIENT=@@CHARACTER_SET_CLIENT */;
/*!40101 SET @OLD_CHARACTER_SET_RESULTS=@@CHARACTER_SET_RESULTS */;
/*!40101 SET @OLD_COLLATION_CONNECTION=@@COLLATION_CONNECTION */;
/*!50503 SET NAMES utf8 */;
/*!40103 SET @OLD_TIME_ZONE=@@TIME_ZONE */;
/*!40103 SET TIME_ZONE='+00:00' */;
/*!40014 SET @OLD_UNIQUE_CHECKS=@@UNIQUE_CHECKS, UNIQUE_CHECKS=0 */;
/*!40014 SET @OLD_FOREIGN_KEY_CHECKS=@@FOREIGN_KEY_CHECKS, FOREIGN_KEY_CHECKS=0 */;
/*!40101 SET @OLD_SQL_MODE=@@SQL_MODE, SQL_MODE='NO_AUTO_VALUE_ON_ZERO' */;
/*!40111 SET @OLD_SQL_NOTES=@@SQL_NOTES, SQL_NOTES=0 */;

--
-- Table structure for table `account`
--

DROP TABLE IF EXISTS `account`;
/*!40101 SET @saved_cs_client     = @@character_set_client */;
/*!50503 SET character_set_client = utf8mb4 */;
CREATE TABLE `account` (
  `id` int NOT NULL AUTO_INCREMENT,
  `start_date` datetime NOT NULL,
  `account_number` varchar(45) NOT NULL,
  `user_id` int NOT NULL,
  `balance` int NOT NULL DEFAULT '0',
  PRIMARY KEY (`id`),
  KEY `fk_account_bank_user1_idx` (`user_id`),
  CONSTRAINT `fk_account_bank_user1` FOREIGN KEY (`user_id`) REFERENCES `bank_user` (`id`)
) ENGINE=InnoDB AUTO_INCREMENT=19 DEFAULT CHARSET=utf8mb3;
/*!40101 SET character_set_client = @saved_cs_client */;

--
-- Dumping data for table `account`
--

LOCK TABLES `account` WRITE;
/*!40000 ALTER TABLE `account` DISABLE KEYS */;
INSERT INTO `account` VALUES (1,'2023-09-22 14:05:39','8765432187654322',1,100000),(2,'2023-09-22 14:05:49','8765432187654321',1,200),(3,'2023-10-04 00:45:08','1974028735781723',1,100),(4,'2023-10-04 14:38:00','28607910801012',1,0),(5,'2023-10-05 00:13:02','4082374508719284',1,0),(6,'2023-10-05 00:28:20','5099273650086461',2,0),(7,'2023-10-05 00:28:24','3333018274560',2,0),(8,'2023-10-05 00:29:11','3560880097742',2,0),(9,'2023-10-05 01:01:45','3333080090396',3,1900000),(11,'2023-10-05 01:04:07','8765432187654320',4,0),(12,'2023-10-05 01:04:14','8765432187654319',5,0),(13,'2023-10-05 01:04:19','8765432187654318',6,0),(15,'2023-10-05 01:04:41','8765432187654317',7,0),(16,'2023-10-05 01:04:49','8765432187654316',8,0),(17,'2023-10-05 05:05:47','8765432187654314',8,98100000),(18,'2023-10-05 08:35:35','1234123412341234',3,0);
/*!40000 ALTER TABLE `account` ENABLE KEYS */;
UNLOCK TABLES;

--
-- Table structure for table `account_history`
--

DROP TABLE IF EXISTS `account_history`;
/*!40101 SET @saved_cs_client     = @@character_set_client */;
/*!50503 SET character_set_client = utf8mb4 */;
CREATE TABLE `account_history` (
  `id` int NOT NULL AUTO_INCREMENT,
  `account_id` int NOT NULL,
  `create_date` datetime DEFAULT NULL,
  `sender_name` varchar(45) DEFAULT NULL,
  `receiver_name` varchar(45) DEFAULT NULL,
  `sender_account_number` varchar(45) DEFAULT NULL,
  `receiver_account_number` varchar(45) DEFAULT NULL,
  `balance` int NOT NULL DEFAULT '0',
  `money` int DEFAULT '0',
  PRIMARY KEY (`id`),
  KEY `fk_account_history_account1_idx` (`account_id`),
  CONSTRAINT `fk_account_history_account1` FOREIGN KEY (`account_id`) REFERENCES `account` (`id`)
) ENGINE=InnoDB AUTO_INCREMENT=27 DEFAULT CHARSET=utf8mb3;
/*!40101 SET character_set_client = @saved_cs_client */;

--
-- Dumping data for table `account_history`
--

LOCK TABLES `account_history` WRITE;
/*!40000 ALTER TABLE `account_history` DISABLE KEYS */;
INSERT INTO `account_history` VALUES (9,17,'2023-10-05 05:20:01','녹림왕','김근우','8765432187654314','3333080090396',99800000,-200000),(10,9,'2023-10-05 05:20:01','녹림왕','김근우','8765432187654314','3333080090396',200000,200000),(11,17,'2023-10-05 06:09:58','곰','김근우','8765432187654314','3333080090396',99700000,-100000),(12,9,'2023-10-05 06:09:58','곰','김근우','8765432187654314','3333080090396',300000,100000),(13,17,'2023-10-05 06:12:36','곰','김근우','8765432187654314','3333080090396',99600000,-100000),(14,9,'2023-10-05 06:12:36','곰','김근우','8765432187654314','3333080090396',400000,100000),(15,17,'2023-10-05 06:12:45','곰','김근우','8765432187654314','3333080090396',99400000,-200000),(16,9,'2023-10-05 06:12:45','곰','김근우','8765432187654314','3333080090396',600000,200000),(17,17,'2023-10-05 06:12:49','곰','김근우','8765432187654314','3333080090396',99100000,-300000),(18,9,'2023-10-05 06:12:49','곰','김근우','8765432187654314','3333080090396',900000,300000),(19,17,'2023-10-05 06:13:05','곰','김근우','8765432187654314','3333080090396',99000000,-100000),(20,9,'2023-10-05 06:13:05','곰','김근우','8765432187654314','3333080090396',1000000,100000),(21,17,'2023-10-05 06:16:33','부부젤라','김근우','8765432187654314','3333080090396',98700000,-300000),(22,9,'2023-10-05 06:16:33','부부젤라','김근우','8765432187654314','3333080090396',1300000,300000),(23,17,'2023-10-05 06:16:55','대장','김근우','8765432187654314','3333080090396',98400000,-300000),(24,9,'2023-10-05 06:16:55','대장','김근우','8765432187654314','3333080090396',1600000,300000),(25,17,'2023-10-05 06:16:56','대장','김근우','8765432187654314','3333080090396',98100000,-300000),(26,9,'2023-10-05 06:16:56','대장','김근우','8765432187654314','3333080090396',1900000,300000);
/*!40000 ALTER TABLE `account_history` ENABLE KEYS */;
UNLOCK TABLES;

--
-- Table structure for table `airplane`
--

DROP TABLE IF EXISTS `airplane`;
/*!40101 SET @saved_cs_client     = @@character_set_client */;
/*!50503 SET character_set_client = utf8mb4 */;
CREATE TABLE `airplane` (
  `id` int NOT NULL AUTO_INCREMENT,
  `name` varchar(10) DEFAULT NULL,
  `code` varchar(3) DEFAULT NULL,
  `city` varchar(45) DEFAULT NULL,
  PRIMARY KEY (`id`)
) ENGINE=InnoDB AUTO_INCREMENT=80 DEFAULT CHARSET=utf8mb3;
/*!40101 SET character_set_client = @saved_cs_client */;

--
-- Dumping data for table `airplane`
--

LOCK TABLES `airplane` WRITE;
/*!40000 ALTER TABLE `airplane` DISABLE KEYS */;
INSERT INTO `airplane` VALUES (1,'인천','ICN','국내'),(2,'김포','GMP','국내'),(3,'부산','PUS','국내'),(4,'제주','CJU','국내'),(5,'대구','TAE','국내'),(6,'청주','CJJ','국내'),(7,'광주','KWJ','국내'),(8,'여수','RSU','국내'),(9,'양양','YNY','국내'),(10,'진주/사천','HIN','국내'),(11,'나고야','NGO','일본'),(12,'오사카','OSA','일본'),(13,'후쿠오카','FUK','일본'),(14,'오키나와','OKA','일본'),(15,'삿포로','SPK','일본'),(16,'시즈오카','FSZ','일본'),(17,'미야자키','KMI','일본'),(18,'가고시마','KOJ','일본'),(19,'나가사키','NGS','일본'),(20,'도쿄','TYO','일본'),(21,'상해/푸동','PVG','중국'),(22,'북경','BJS','중국'),(23,'대련','DLC','중국'),(24,'청도','TAO','중국'),(25,'위해','WEH','중국'),(26,'연길','YNJ','중국'),(27,'천진','TSN','중국'),(28,'하문','XMN','중국'),(29,'곤명','KMG','중국'),(30,'항저우','HGH','중국'),(31,'싱가포르','SIN','아시아'),(32,'방콕','BKK','아시아'),(33,'홍콩','HKG','아시아'),(34,'세부','CEB','아시아'),(35,'타이페이','TPE','아시아'),(36,'발리','DPS','아시아'),(37,'다낭','DAD','아시아'),(38,'비엔티엔','VTE','아시아'),(39,'마카오','MFM','아시아'),(40,'코다키나발루','BKI','아시아'),(41,'뉴욕/존에프케네디','JFK','미주/중남미'),(42,'싱파울로','SAO','미주/중남미'),(43,'로스앤젤레스','LAX','미주/중남미'),(44,'밴쿠버','YVR','미주/중남미'),(45,'샌프란시스코','SFO','미주/중남미'),(46,'시애틀','SEA','미주/중남미'),(47,'토론토','YTO','미주/중남미'),(48,'하와이/호놀룰루','HNL','미주/중남미'),(49,'칸쿤','CUN','미주/중남미'),(50,'리마','LIM','미주/중남미'),(51,'런던','LON','유럽'),(52,'로마','ROM','유럽'),(53,'파리','PAR','유럽'),(54,'이스탄불','IST','유럽'),(55,'프라하','PRG','유럽'),(56,'프랑크푸르트','FRA','유럽'),(57,'모스크바','MOW','유럽'),(58,'암스테르담','AMS','유럽'),(59,'취리히','ZRH','유럽'),(60,'바르셀로나','BCN','유럽'),(61,'괌','GUM','대양주'),(62,'시드니','SYD','대양주'),(63,'브리즈번','BNE','대양주'),(64,'멜버른','MEL','대양주'),(65,'오클랜드','AKL','대양주'),(66,'사이판','SPN','대양주'),(67,'퍼스','PER','대양주'),(68,'크라이스트처치','CHC','대양주'),(69,'코로르/팔라우','ROR','대양주'),(70,'두바이','DXB','중동/아프리카'),(71,'나이로비','NBO','중동/아프리카'),(72,'요하네스버그','JNB','중동/아프리카'),(73,'카이로','CAI','중동/아프리카'),(74,'도하','DOH','중동/아프리카'),(75,'아부다비','AUH','중동/아프리카'),(76,'텔아비브','TLV','중동/아프리카'),(77,'테헤란','THR','중동/아프리카'),(78,'암만','AMM','중동/아프리카'),(79,'케이프타운','CPT','중동/아프리카');
/*!40000 ALTER TABLE `airplane` ENABLE KEYS */;
UNLOCK TABLES;

--
-- Table structure for table `auth_group`
--

DROP TABLE IF EXISTS `auth_group`;
/*!40101 SET @saved_cs_client     = @@character_set_client */;
/*!50503 SET character_set_client = utf8mb4 */;
CREATE TABLE `auth_group` (
  `id` int NOT NULL AUTO_INCREMENT,
  `name` varchar(150) NOT NULL,
  PRIMARY KEY (`id`),
  UNIQUE KEY `name` (`name`)
) ENGINE=InnoDB DEFAULT CHARSET=utf8mb3;
/*!40101 SET character_set_client = @saved_cs_client */;

--
-- Dumping data for table `auth_group`
--

LOCK TABLES `auth_group` WRITE;
/*!40000 ALTER TABLE `auth_group` DISABLE KEYS */;
/*!40000 ALTER TABLE `auth_group` ENABLE KEYS */;
UNLOCK TABLES;

--
-- Table structure for table `auth_group_permissions`
--

DROP TABLE IF EXISTS `auth_group_permissions`;
/*!40101 SET @saved_cs_client     = @@character_set_client */;
/*!50503 SET character_set_client = utf8mb4 */;
CREATE TABLE `auth_group_permissions` (
  `id` bigint NOT NULL AUTO_INCREMENT,
  `group_id` int NOT NULL,
  `permission_id` int NOT NULL,
  PRIMARY KEY (`id`),
  UNIQUE KEY `auth_group_permissions_group_id_permission_id_0cd325b0_uniq` (`group_id`,`permission_id`),
  KEY `auth_group_permissio_permission_id_84c5c92e_fk_auth_perm` (`permission_id`),
  CONSTRAINT `auth_group_permissio_permission_id_84c5c92e_fk_auth_perm` FOREIGN KEY (`permission_id`) REFERENCES `auth_permission` (`id`),
  CONSTRAINT `auth_group_permissions_group_id_b120cbf9_fk_auth_group_id` FOREIGN KEY (`group_id`) REFERENCES `auth_group` (`id`)
) ENGINE=InnoDB DEFAULT CHARSET=utf8mb3;
/*!40101 SET character_set_client = @saved_cs_client */;

--
-- Dumping data for table `auth_group_permissions`
--

LOCK TABLES `auth_group_permissions` WRITE;
/*!40000 ALTER TABLE `auth_group_permissions` DISABLE KEYS */;
/*!40000 ALTER TABLE `auth_group_permissions` ENABLE KEYS */;
UNLOCK TABLES;

--
-- Table structure for table `auth_permission`
--

DROP TABLE IF EXISTS `auth_permission`;
/*!40101 SET @saved_cs_client     = @@character_set_client */;
/*!50503 SET character_set_client = utf8mb4 */;
CREATE TABLE `auth_permission` (
  `id` int NOT NULL AUTO_INCREMENT,
  `name` varchar(255) NOT NULL,
  `content_type_id` int NOT NULL,
  `codename` varchar(100) NOT NULL,
  PRIMARY KEY (`id`),
  UNIQUE KEY `auth_permission_content_type_id_codename_01ab375a_uniq` (`content_type_id`,`codename`),
  CONSTRAINT `auth_permission_content_type_id_2f476e4b_fk_django_co` FOREIGN KEY (`content_type_id`) REFERENCES `django_content_type` (`id`)
) ENGINE=InnoDB AUTO_INCREMENT=157 DEFAULT CHARSET=utf8mb3;
/*!40101 SET character_set_client = @saved_cs_client */;

--
-- Dumping data for table `auth_permission`
--

LOCK TABLES `auth_permission` WRITE;
/*!40000 ALTER TABLE `auth_permission` DISABLE KEYS */;
INSERT INTO `auth_permission` VALUES (1,'Can add log entry',1,'add_logentry'),(2,'Can change log entry',1,'change_logentry'),(3,'Can delete log entry',1,'delete_logentry'),(4,'Can view log entry',1,'view_logentry'),(5,'Can add permission',2,'add_permission'),(6,'Can change permission',2,'change_permission'),(7,'Can delete permission',2,'delete_permission'),(8,'Can view permission',2,'view_permission'),(9,'Can add group',3,'add_group'),(10,'Can change group',3,'change_group'),(11,'Can delete group',3,'delete_group'),(12,'Can view group',3,'view_group'),(13,'Can add user',4,'add_user'),(14,'Can change user',4,'change_user'),(15,'Can delete user',4,'delete_user'),(16,'Can view user',4,'view_user'),(17,'Can add content type',5,'add_contenttype'),(18,'Can change content type',5,'change_contenttype'),(19,'Can delete content type',5,'delete_contenttype'),(20,'Can view content type',5,'view_contenttype'),(21,'Can add session',6,'add_session'),(22,'Can change session',6,'change_session'),(23,'Can delete session',6,'delete_session'),(24,'Can view session',6,'view_session'),(25,'Can add account',7,'add_account'),(26,'Can change account',7,'change_account'),(27,'Can delete account',7,'delete_account'),(28,'Can view account',7,'view_account'),(29,'Can add account history',8,'add_accounthistory'),(30,'Can change account history',8,'change_accounthistory'),(31,'Can delete account history',8,'delete_accounthistory'),(32,'Can view account history',8,'view_accounthistory'),(33,'Can add airplane',9,'add_airplane'),(34,'Can change airplane',9,'change_airplane'),(35,'Can delete airplane',9,'delete_airplane'),(36,'Can view airplane',9,'view_airplane'),(37,'Can add benefit',10,'add_benefit'),(38,'Can change benefit',10,'change_benefit'),(39,'Can delete benefit',10,'delete_benefit'),(40,'Can view benefit',10,'view_benefit'),(41,'Can add card',11,'add_card'),(42,'Can change card',11,'change_card'),(43,'Can delete card',11,'delete_card'),(44,'Can view card',11,'view_card'),(45,'Can add country',12,'add_country'),(46,'Can change country',12,'change_country'),(47,'Can delete country',12,'delete_country'),(48,'Can view country',12,'view_country'),(49,'Can add email token',13,'add_emailtoken'),(50,'Can change email token',13,'change_emailtoken'),(51,'Can delete email token',13,'delete_emailtoken'),(52,'Can view email token',13,'view_emailtoken'),(53,'Can add exchange',14,'add_exchange'),(54,'Can change exchange',14,'change_exchange'),(55,'Can delete exchange',14,'delete_exchange'),(56,'Can view exchange',14,'view_exchange'),(57,'Can add exchange per day',15,'add_exchangeperday'),(58,'Can change exchange per day',15,'change_exchangeperday'),(59,'Can delete exchange per day',15,'delete_exchangeperday'),(60,'Can view exchange per day',15,'view_exchangeperday'),(61,'Can add favorit card',16,'add_favoritcard'),(62,'Can change favorit card',16,'change_favoritcard'),(63,'Can delete favorit card',16,'delete_favoritcard'),(64,'Can view favorit card',16,'view_favoritcard'),(65,'Can add favorit pakcage',17,'add_favoritpakcage'),(66,'Can change favorit pakcage',17,'change_favoritpakcage'),(67,'Can delete favorit pakcage',17,'delete_favoritpakcage'),(68,'Can view favorit pakcage',17,'view_favoritpakcage'),(69,'Can add package benefit',18,'add_packagebenefit'),(70,'Can change package benefit',18,'change_packagebenefit'),(71,'Can delete package benefit',18,'delete_packagebenefit'),(72,'Can view package benefit',18,'view_packagebenefit'),(73,'Can add schedule',19,'add_schedule'),(74,'Can change schedule',19,'change_schedule'),(75,'Can delete schedule',19,'delete_schedule'),(76,'Can view schedule',19,'view_schedule'),(77,'Can add scheduler',20,'add_scheduler'),(78,'Can change scheduler',20,'change_scheduler'),(79,'Can delete scheduler',20,'delete_scheduler'),(80,'Can view scheduler',20,'view_scheduler'),(81,'Can add team account',21,'add_teamaccount'),(82,'Can change team account',21,'change_teamaccount'),(83,'Can delete team account',21,'delete_teamaccount'),(84,'Can view team account',21,'view_teamaccount'),(85,'Can add team member',22,'add_teammember'),(86,'Can change team member',22,'change_teammember'),(87,'Can delete team member',22,'delete_teammember'),(88,'Can view team member',22,'view_teammember'),(89,'Can add team name',23,'add_teamname'),(90,'Can change team name',23,'change_teamname'),(91,'Can delete team name',23,'delete_teamname'),(92,'Can view team name',23,'view_teamname'),(93,'Can add user',24,'add_user'),(94,'Can change user',24,'change_user'),(95,'Can delete user',24,'delete_user'),(96,'Can view user',24,'view_user'),(97,'Can add user card',25,'add_usercard'),(98,'Can change user card',25,'change_usercard'),(99,'Can delete user card',25,'delete_usercard'),(100,'Can view user card',25,'view_usercard'),(101,'Can add auth group',26,'add_authgroup'),(102,'Can change auth group',26,'change_authgroup'),(103,'Can delete auth group',26,'delete_authgroup'),(104,'Can view auth group',26,'view_authgroup'),(105,'Can add auth group permissions',27,'add_authgrouppermissions'),(106,'Can change auth group permissions',27,'change_authgrouppermissions'),(107,'Can delete auth group permissions',27,'delete_authgrouppermissions'),(108,'Can view auth group permissions',27,'view_authgrouppermissions'),(109,'Can add auth permission',28,'add_authpermission'),(110,'Can change auth permission',28,'change_authpermission'),(111,'Can delete auth permission',28,'delete_authpermission'),(112,'Can view auth permission',28,'view_authpermission'),(113,'Can add auth user',29,'add_authuser'),(114,'Can change auth user',29,'change_authuser'),(115,'Can delete auth user',29,'delete_authuser'),(116,'Can view auth user',29,'view_authuser'),(117,'Can add auth user groups',30,'add_authusergroups'),(118,'Can change auth user groups',30,'change_authusergroups'),(119,'Can delete auth user groups',30,'delete_authusergroups'),(120,'Can view auth user groups',30,'view_authusergroups'),(121,'Can add auth user user permissions',31,'add_authuseruserpermissions'),(122,'Can change auth user user permissions',31,'change_authuseruserpermissions'),(123,'Can delete auth user user permissions',31,'delete_authuseruserpermissions'),(124,'Can view auth user user permissions',31,'view_authuseruserpermissions'),(125,'Can add django admin log',32,'add_djangoadminlog'),(126,'Can change django admin log',32,'change_djangoadminlog'),(127,'Can delete django admin log',32,'delete_djangoadminlog'),(128,'Can view django admin log',32,'view_djangoadminlog'),(129,'Can add django content type',33,'add_djangocontenttype'),(130,'Can change django content type',33,'change_djangocontenttype'),(131,'Can delete django content type',33,'delete_djangocontenttype'),(132,'Can view django content type',33,'view_djangocontenttype'),(133,'Can add django migrations',34,'add_djangomigrations'),(134,'Can change django migrations',34,'change_djangomigrations'),(135,'Can delete django migrations',34,'delete_djangomigrations'),(136,'Can view django migrations',34,'view_djangomigrations'),(137,'Can add django session',35,'add_djangosession'),(138,'Can change django session',35,'change_djangosession'),(139,'Can delete django session',35,'delete_djangosession'),(140,'Can view django session',35,'view_djangosession'),(141,'Can add plane',36,'add_plane'),(142,'Can change plane',36,'change_plane'),(143,'Can delete plane',36,'delete_plane'),(144,'Can view plane',36,'view_plane'),(145,'Can add planecard',37,'add_planecard'),(146,'Can change planecard',37,'change_planecard'),(147,'Can delete planecard',37,'delete_planecard'),(148,'Can view planecard',37,'view_planecard'),(149,'Can add country',38,'add_country'),(150,'Can change country',38,'change_country'),(151,'Can delete country',38,'delete_country'),(152,'Can view country',38,'view_country'),(153,'Can add exchange',39,'add_exchange'),(154,'Can change exchange',39,'change_exchange'),(155,'Can delete exchange',39,'delete_exchange'),(156,'Can view exchange',39,'view_exchange');
/*!40000 ALTER TABLE `auth_permission` ENABLE KEYS */;
UNLOCK TABLES;

--
-- Table structure for table `auth_user`
--

DROP TABLE IF EXISTS `auth_user`;
/*!40101 SET @saved_cs_client     = @@character_set_client */;
/*!50503 SET character_set_client = utf8mb4 */;
CREATE TABLE `auth_user` (
  `id` int NOT NULL AUTO_INCREMENT,
  `password` varchar(128) NOT NULL,
  `last_login` datetime(6) DEFAULT NULL,
  `is_superuser` tinyint(1) NOT NULL,
  `username` varchar(150) NOT NULL,
  `first_name` varchar(150) NOT NULL,
  `last_name` varchar(150) NOT NULL,
  `email` varchar(254) NOT NULL,
  `is_staff` tinyint(1) NOT NULL,
  `is_active` tinyint(1) NOT NULL,
  `date_joined` datetime(6) NOT NULL,
  PRIMARY KEY (`id`),
  UNIQUE KEY `username` (`username`)
) ENGINE=InnoDB DEFAULT CHARSET=utf8mb3;
/*!40101 SET character_set_client = @saved_cs_client */;

--
-- Dumping data for table `auth_user`
--

LOCK TABLES `auth_user` WRITE;
/*!40000 ALTER TABLE `auth_user` DISABLE KEYS */;
/*!40000 ALTER TABLE `auth_user` ENABLE KEYS */;
UNLOCK TABLES;

--
-- Table structure for table `auth_user_groups`
--

DROP TABLE IF EXISTS `auth_user_groups`;
/*!40101 SET @saved_cs_client     = @@character_set_client */;
/*!50503 SET character_set_client = utf8mb4 */;
CREATE TABLE `auth_user_groups` (
  `id` bigint NOT NULL AUTO_INCREMENT,
  `user_id` int NOT NULL,
  `group_id` int NOT NULL,
  PRIMARY KEY (`id`),
  UNIQUE KEY `auth_user_groups_user_id_group_id_94350c0c_uniq` (`user_id`,`group_id`),
  KEY `auth_user_groups_group_id_97559544_fk_auth_group_id` (`group_id`),
  CONSTRAINT `auth_user_groups_group_id_97559544_fk_auth_group_id` FOREIGN KEY (`group_id`) REFERENCES `auth_group` (`id`),
  CONSTRAINT `auth_user_groups_user_id_6a12ed8b_fk_auth_user_id` FOREIGN KEY (`user_id`) REFERENCES `auth_user` (`id`)
) ENGINE=InnoDB DEFAULT CHARSET=utf8mb3;
/*!40101 SET character_set_client = @saved_cs_client */;

--
-- Dumping data for table `auth_user_groups`
--

LOCK TABLES `auth_user_groups` WRITE;
/*!40000 ALTER TABLE `auth_user_groups` DISABLE KEYS */;
/*!40000 ALTER TABLE `auth_user_groups` ENABLE KEYS */;
UNLOCK TABLES;

--
-- Table structure for table `auth_user_user_permissions`
--

DROP TABLE IF EXISTS `auth_user_user_permissions`;
/*!40101 SET @saved_cs_client     = @@character_set_client */;
/*!50503 SET character_set_client = utf8mb4 */;
CREATE TABLE `auth_user_user_permissions` (
  `id` bigint NOT NULL AUTO_INCREMENT,
  `user_id` int NOT NULL,
  `permission_id` int NOT NULL,
  PRIMARY KEY (`id`),
  UNIQUE KEY `auth_user_user_permissions_user_id_permission_id_14a6b632_uniq` (`user_id`,`permission_id`),
  KEY `auth_user_user_permi_permission_id_1fbb5f2c_fk_auth_perm` (`permission_id`),
  CONSTRAINT `auth_user_user_permi_permission_id_1fbb5f2c_fk_auth_perm` FOREIGN KEY (`permission_id`) REFERENCES `auth_permission` (`id`),
  CONSTRAINT `auth_user_user_permissions_user_id_a95ead1b_fk_auth_user_id` FOREIGN KEY (`user_id`) REFERENCES `auth_user` (`id`)
) ENGINE=InnoDB DEFAULT CHARSET=utf8mb3;
/*!40101 SET character_set_client = @saved_cs_client */;

--
-- Dumping data for table `auth_user_user_permissions`
--

LOCK TABLES `auth_user_user_permissions` WRITE;
/*!40000 ALTER TABLE `auth_user_user_permissions` DISABLE KEYS */;
/*!40000 ALTER TABLE `auth_user_user_permissions` ENABLE KEYS */;
UNLOCK TABLES;

--
-- Table structure for table `bank_card`
--

DROP TABLE IF EXISTS `bank_card`;
/*!40101 SET @saved_cs_client     = @@character_set_client */;
/*!50503 SET character_set_client = utf8mb4 */;
CREATE TABLE `bank_card` (
  `id` int NOT NULL AUTO_INCREMENT,
  `company` varchar(45) NOT NULL,
  `brand` varchar(45) DEFAULT NULL,
  `name` varchar(45) DEFAULT NULL,
  `credit` tinyint(1) NOT NULL DEFAULT '1',
  `card_num` varchar(45) NOT NULL,
  PRIMARY KEY (`id`)
) ENGINE=InnoDB AUTO_INCREMENT=53 DEFAULT CHARSET=utf8mb3;
/*!40101 SET character_set_client = @saved_cs_client */;

--
-- Dumping data for table `bank_card`
--

LOCK TABLES `bank_card` WRITE;
/*!40000 ALTER TABLE `bank_card` DISABLE KEYS */;
INSERT INTO `bank_card` VALUES (1,'우리카드','mastercard','DA@카드의정석',1,'514043'),(2,'신한카드','visa','신한카드 The BEST-F',1,'445090'),(3,'하나카드','mastercard','트래블로그 신용카드',1,'532092'),(4,'NH농협카드','mastercard','zgm.휴가중카드',1,'542416'),(5,'현대카드','mastercard','the Pink',1,'999911'),(8,'우리카드','unionpay','카드의정석 UniMile',1,'999996'),(9,'MG새마을금고','visa','에어머니 체크카드',0,'999991'),(10,'IBK기업은행','bc global','BLISS.5 카드(포인트)',1,'404803'),(11,'현대카드','mastercard','현대카드 M BOOST',1,'543333'),(12,'신한카드','visa','신한카드 S-Line 체크',0,'436420'),(13,'하나카드','mastercard','모두의 일상 체크카드',0,'511845'),(14,'IBK기업은행','mastercard','참! 좋은 글로벌체크카드',0,'999990'),(15,'BNK부산은행','mastercard','BNK 프렌즈 체크카드',0,'517548'),(16,'우리카드','mastercard','네이버페이 우리카드 체크',0,'538920'),(17,'신한카드','mastercard','신한카드 플리 체크(산리오캐릭터즈)',0,'999994'),(18,'NH농협카드','visa','올바른POINT체크카드',0,'485479'),(19,'신한카드','visa','신한카드 Global+ 체크 월리를찾아라',0,'999995'),(20,'NH농협카드','mastercard','올바른 NEW HAVE카드',1,'409216'),(21,'신한카드','unionpay','신한카드 Deep Dream 체크',0,'624348'),(22,'KB국민카드','mastercard','노리2 체크카드(Global)',0,'527289'),(23,'우리카드','mastercard','NU 오하쳌(오늘하루체크)',0,'548020'),(24,'토스뱅크','mastercard','토스뱅크카드',0,'532750'),(25,'우리카드','mastercard','알뜰교통카드 COOKIE CHECK',0,'999912'),(26,'NH농협카드','mastercard','NH20해봄체크카드',0,'546111'),(27,'신한카드','mastercard','카카오페이 신한 체크카드',0,'559410'),(28,'우리카드','unionpay','카드의정석 UniMile CHECK',0,'623393'),(29,'NH농협카드','mastercard','올리 POINT 체크',0,'999992'),(30,'KB국민카드','mastercard','스타플러스 체크카드',0,'517332'),(31,'KB국민카드','mastercard','다담카드',1,'540926'),(32,'롯데카드','mastercard','LOCA LIKIT 1.2',1,'376277'),(33,'우리카드','mastercard','카드의정석 WOWRI',1,'942520'),(34,'우리카드','mastercard','카드의정석 EVERY MILE SKYPASS',1,'531764'),(35,'삼성카드','mastercard','삼성 iD ON 카드',1,'941009'),(36,'삼성카드','mastercard','taptap DIGITAL',1,'536148'),(37,'신한카드','unionpay','신한카드 Deep Dream Platinum+',1,'624331'),(38,'신한카드','visa','신한카드 Deep Dream(모베러웍스)',1,'422155'),(39,'하나카드','unionpay','Mile1 하나카드',1,'999998'),(40,'신한카드','jcb','신한카드 Hi-Point',1,'356900'),(41,'하나카드','AMEX','하나 CLUB H 아메리칸 익스프레스 리저브 카드',1,'999999'),(42,'KB국민카드','unionpay','가온올림카드(실속형)',1,'557042'),(43,'현대카드','mastercard','현대카드 M3 BOOST',1,'532793'),(44,'우리카드','unionpay','카드의정석 댕댕냥이(강아지)',1,'999997'),(45,'하나카드','mastercard','슈퍼쇼퍼카드',1,'999910'),(46,'삼성카드','visa','taptap DRIVE',1,'536149'),(47,'신한카드','visa','신한카드 On 체크(쥬라기)',0,'487033'),(48,'신한카드','visa','신한카드 Way 체크(미니언즈 여름)',0,'487032'),(49,'신한카드','visa','신한카드 Global+ 체크',0,'472246'),(50,'하나카드','jcb','CLUB Premier Travel 카드',1,'356545'),(51,'NH농협카드','mastercard','SOHO 다사로이+카드',1,'999993'),(52,'현대카드','mastercard','현대카드 X2 BOOST',1,'523930');
/*!40000 ALTER TABLE `bank_card` ENABLE KEYS */;
UNLOCK TABLES;

--
-- Table structure for table `bank_user`
--

DROP TABLE IF EXISTS `bank_user`;
/*!40101 SET @saved_cs_client     = @@character_set_client */;
/*!50503 SET character_set_client = utf8mb4 */;
CREATE TABLE `bank_user` (
  `id` int NOT NULL AUTO_INCREMENT,
  `name` varchar(45) NOT NULL,
  `email` varchar(45) NOT NULL,
  `password` varchar(200) NOT NULL,
  `tel` varchar(45) NOT NULL,
  `refresh_token` varchar(200) DEFAULT NULL,
  `uuid` varchar(45) NOT NULL,
  `create_at` datetime DEFAULT NULL,
  `update_at` datetime DEFAULT NULL,
  `role` varchar(45) DEFAULT NULL,
  PRIMARY KEY (`id`)
) ENGINE=InnoDB AUTO_INCREMENT=9 DEFAULT CHARSET=utf8mb3;
/*!40101 SET character_set_client = @saved_cs_client */;

--
-- Dumping data for table `bank_user`
--

LOCK TABLES `bank_user` WRITE;
/*!40000 ALTER TABLE `bank_user` DISABLE KEYS */;
INSERT INTO `bank_user` VALUES (1,'이메일','sendingemail204@gmail.com','{bcrypt}$2a$10$y9c7hl/zL9C25XF5Q/nghOIU4gGh5qPN8saGMvNBciPFP0FCCor/i','010-1111-2222','eyJhbGciOiJIUzUxMiIsInR5cCI6IkpXVCJ9.eyJzdWIiOiJSZWZyZXNoVG9rZW4iLCJleHAiOjE2OTY1OTQzNzB9.OyCKKABQZYyh4lbEjkFldpVExVRCuA-ne-aNWyJxRNV9RGljRnpAXOEocPlM_UZRlEIGncOfGNop8xjpapGxcw','36938931-f88f-4e08-9b94-98e24dce1fe5','2023-09-22 14:05:08','2023-10-05 00:12:50','USER'),(2,'김근우','twnkjsfagnji@gmail.com','{bcrypt}$2a$10$J6cLboWlOFZvqwz31yAYzO5o38e8vxNCx3E0O3KFRz7OUuN4hnXlW','010-2202-4846','eyJhbGciOiJIUzUxMiIsInR5cCI6IkpXVCJ9.eyJzdWIiOiJSZWZyZXNoVG9rZW4iLCJleHAiOjE2OTY2MjQ0OTd9.czkogrRYo7HRTsih-ul1iYEV1DvYf8eOfbZbBWk9eRWW552ckB7K96EXOtzcTre2yhcQ2eQrwsSD4DrBsnZdLQ','fed5f77d-d69f-4a8a-851d-f7e60499a227','2023-10-05 00:15:00','2023-10-05 08:34:57','USER'),(3,'초코바','chocobard109@gmail.com','{bcrypt}$2a$10$7neqxiiw7XuqZP4yEw99B.ocTm69vQLMOhi2BLLhfKN1lyIbiOXyq','010-8505-1242','eyJhbGciOiJIUzUxMiIsInR5cCI6IkpXVCJ9.eyJzdWIiOiJSZWZyZXNoVG9rZW4iLCJleHAiOjE2OTY2MjQ1MTF9.IAPdrdqu_LR_Ok2vr7j4ZCpKmo851--eIO9yVDTjZgRC3d77UQCXBiuyU2lCP8156qn7nC1nKRJ1UYdAEk6gbQ','31ee8cab-5aac-46f5-9eab-2abccef9b3a0','2023-10-05 00:36:47','2023-10-05 08:35:12','USER'),(4,'익명109','sendingemail109@gmail.com','{bcrypt}$2a$10$BNzbQULA5hSjJRCHL69pr.Zk.oF5Rc6I3JimI/8hV7XBNpFqzCD9m','010-1234-5678',NULL,'c474a9f1-8081-4959-88ff-b247b862a3f7','2023-10-05 00:43:32','2023-10-05 00:43:32','USER'),(5,'최가연','cn01803@naver.com','{bcrypt}$2a$10$hDoSb50DjW8BmLDu.Yw1Een.Y7pfTnStN19tQiVcfyCoamI1mHnDG','010-8920-0482',NULL,'29458260-fcf5-4315-8bee-ede0f8a7cda2','2023-10-05 00:49:16','2023-10-05 00:49:16','USER'),(6,'정준우','woojunjung18@gmail.com','{bcrypt}$2a$10$Q3D6UhXZK2zk3Fy444psFeooEIM99KUpGdLb05upmu19U1VjEQwOi','010-1927-0172',NULL,'e7c19e8a-a6e8-4ea0-9ebb-68012e28e5ed','2023-10-05 00:51:11','2023-10-05 00:51:11','USER'),(7,'정선재','younh1002@gmail.com','{bcrypt}$2a$10$Bvpo.Z00qwZsONW2LMW5cuEwvMBeeSfNi1TnBbzLg87Gbs6G9CAnO','010-1927-0172',NULL,'232fe5c5-de40-43ef-ab8a-b486a8f7c9cc','2023-10-05 00:52:09','2023-10-05 00:52:09','USER'),(8,'진창호','ckdgh8205@gmail.com','{bcrypt}$2a$10$zMxuqLMPIdxWfHC3OC8uZ.tlm0gMCDhdxqH1Sr73FWsm1Fe.TQM.m','010-5508-1745','eyJhbGciOiJIUzUxMiIsInR5cCI6IkpXVCJ9.eyJzdWIiOiJSZWZyZXNoVG9rZW4iLCJleHAiOjE2OTY2MTU3ODN9.I2TQrSNL972KeEchHOhZMB7lrG2YLMEKu6QHaMau37jR2rqwC8IjBvSWG7gjxe8aNIPN2UH-oM7hbT4l24I_Kg','db2fbc61-be0a-4081-aa75-b064f42a3099','2023-10-05 00:53:03','2023-10-05 06:09:44','USER');
/*!40000 ALTER TABLE `bank_user` ENABLE KEYS */;
UNLOCK TABLES;

--
-- Table structure for table `bank_user_card`
--

DROP TABLE IF EXISTS `bank_user_card`;
/*!40101 SET @saved_cs_client     = @@character_set_client */;
/*!50503 SET character_set_client = utf8mb4 */;
CREATE TABLE `bank_user_card` (
  `id` int NOT NULL AUTO_INCREMENT,
  `bank_user_id` int NOT NULL,
  `bank_card_id` int NOT NULL,
  PRIMARY KEY (`id`),
  KEY `fk_bank_user_card_bank_user1_idx` (`bank_user_id`),
  KEY `fk_bank_user_card_bank_card1_idx` (`bank_card_id`),
  CONSTRAINT `fk_bank_user_card_bank_card1` FOREIGN KEY (`bank_card_id`) REFERENCES `bank_card` (`id`),
  CONSTRAINT `fk_bank_user_card_bank_user1` FOREIGN KEY (`bank_user_id`) REFERENCES `bank_user` (`id`)
) ENGINE=InnoDB AUTO_INCREMENT=2 DEFAULT CHARSET=utf8mb3;
/*!40101 SET character_set_client = @saved_cs_client */;

--
-- Dumping data for table `bank_user_card`
--

LOCK TABLES `bank_user_card` WRITE;
/*!40000 ALTER TABLE `bank_user_card` DISABLE KEYS */;
/*!40000 ALTER TABLE `bank_user_card` ENABLE KEYS */;
UNLOCK TABLES;

--
-- Table structure for table `benefit`
--

DROP TABLE IF EXISTS `benefit`;
/*!40101 SET @saved_cs_client     = @@character_set_client */;
/*!50503 SET character_set_client = utf8mb4 */;
CREATE TABLE `benefit` (
  `id` int NOT NULL AUTO_INCREMENT,
  `card_id` int DEFAULT NULL,
  `case` varchar(45) DEFAULT NULL,
  `at` varchar(45) DEFAULT NULL,
  `if` decimal(65,0) DEFAULT NULL,
  `what` varchar(45) DEFAULT NULL,
  `get_percent` decimal(10,4) DEFAULT NULL,
  `get_price` decimal(65,0) DEFAULT NULL,
  `base_price` decimal(65,0) DEFAULT NULL,
  `base_price_per` decimal(65,0) DEFAULT NULL,
  `type` int DEFAULT NULL,
  `max` decimal(65,0) DEFAULT NULL,
  `limit` varchar(100) DEFAULT NULL,
  PRIMARY KEY (`id`),
  KEY `FKffrd46vh7rpwwh2qwlha23dom` (`card_id`),
  CONSTRAINT `FKffrd46vh7rpwwh2qwlha23dom` FOREIGN KEY (`card_id`) REFERENCES `card` (`id`)
) ENGINE=InnoDB AUTO_INCREMENT=132 DEFAULT CHARSET=utf8mb4 COLLATE=utf8mb4_0900_ai_ci;
/*!40101 SET character_set_client = @saved_cs_client */;

--
-- Dumping data for table `benefit`
--

LOCK TABLES `benefit` WRITE;
/*!40000 ALTER TABLE `benefit` DISABLE KEYS */;
INSERT INTO `benefit` VALUES (1,1,'면세점','모든',NULL,NULL,0.0130,NULL,NULL,NULL,1,NULL,NULL),(2,1,'해외가맹점','모든',NULL,NULL,0.0080,NULL,NULL,NULL,1,NULL,NULL),(3,1,'해외이용액','모든',NULL,NULL,0.0130,NULL,NULL,NULL,1,NULL,NULL),(4,1,'공항라운지 무료이용','인천/김포/김해',300000,'전월국내이용액',NULL,NULL,NULL,NULL,5,NULL,'월 1회 / 연 2회'),(5,2,'면세점','제주',300000,'전월이용액',0.0800,NULL,NULL,NULL,2,8000,NULL),(7,2,'해외이용액','모든',NULL,NULL,0.0100,NULL,NULL,NULL,3,NULL,NULL),(8,2,'공항발렛파킹 무료이용','인천',300000,'전월이용액',NULL,NULL,NULL,NULL,5,NULL,'월 3회'),(11,3,'면세점','신라/신세계/롯데/현대백화점',NULL,NULL,0.0300,NULL,NULL,NULL,4,50000,NULL),(13,3,'해외이용액','모든',NULL,NULL,0.0300,NULL,NULL,NULL,4,50000,NULL),(14,3,'해외가맹점','모든',NULL,NULL,0.0100,NULL,NULL,NULL,4,NULL,NULL),(15,4,'면세점','국내 오프라인',NULL,NULL,0.0050,NULL,NULL,NULL,4,NULL,NULL),(16,4,'해외이용액','모든',NULL,NULL,0.0200,NULL,NULL,NULL,4,NULL,NULL),(17,4,'공항라운지 무료이용','모든',400000,'전월이용액',NULL,NULL,NULL,NULL,5,NULL,'월 1회 / 연 2회'),(18,4,'여행자보험 무료가입','NH농협손해보험',NULL,NULL,NULL,NULL,NULL,NULL,5,NULL,NULL),(19,5,'해외가맹점','모든',500000,'당월이용액',0.0100,NULL,NULL,NULL,4,NULL,NULL),(20,5,'면세점','롯데',NULL,NULL,NULL,100000,NULL,NULL,6,NULL,NULL),(21,5,'공항라운지 무료이용','인천',500000,'당월이용액',NULL,NULL,NULL,NULL,5,NULL,'월 1회 / 연 2회'),(22,5,'공항발렛파킹 무료이용','인천',500000,'당월이용액',NULL,NULL,NULL,NULL,5,NULL,'월 5회'),(30,8,'면세점','모든',300000,'전월국내이용액',0.0200,NULL,NULL,NULL,4,NULL,NULL),(31,8,'해외이용액','모든',300000,'전월국내이용액',0.0200,NULL,NULL,NULL,4,NULL,NULL),(32,8,'공항라운지 무료이용','더라운지멤버스',500000,'전월국내이용액',NULL,NULL,NULL,NULL,5,NULL,'월 1회 / 연 3회'),(33,9,'해외가맹점','모든',300000,'전월이용액',0.0100,NULL,NULL,NULL,4,NULL,NULL),(34,9,'공항라운지 무료이용','국내',300000,'전월이용액',NULL,NULL,NULL,NULL,5,NULL,'월 1회 / 연 2회'),(35,9,'면세점','모든',300000,'전월이용액',NULL,3000,NULL,NULL,4,NULL,'월 3회'),(36,10,'해외이용액','모든',NULL,NULL,NULL,NULL,1500,10,4,100000,NULL),(38,10,'승차권 3%~10% 할인','KTX/SRT',NULL,NULL,NULL,NULL,NULL,NULL,7,NULL,'연 2회'),(39,10,'2,000원 청구할인','CGV/롯데시네마/메가박스',NULL,NULL,NULL,NULL,NULL,NULL,7,NULL,'월 1회 / 연 6회'),(40,11,'해외가맹점','모든',500000,'당월이용액',0.0500,NULL,NULL,NULL,4,10000,NULL),(41,11,'간편결제서비스 이용 시 5% M포인트 적립','온라인',500000,'당월이용액',NULL,NULL,NULL,NULL,7,10000,NULL),(42,11,'1만 M포인트 적립','보너스 리워드',1000000,'당월이용액',NULL,NULL,NULL,NULL,7,NULL,NULL),(43,12,'해외이용액','모든',300000,'전월이용액',0.0500,NULL,NULL,NULL,3,2500,'월 2회'),(44,12,'해외가맹점','모든',300000,'전월이용액',0.0200,NULL,NULL,NULL,4,NULL,NULL),(45,12,'이용금액의 5% 할인','버스/지하철',300000,'전월이용액',NULL,NULL,NULL,NULL,7,5000,NULL),(46,13,'해외가맹점','모든',NULL,NULL,0.0040,NULL,NULL,NULL,4,NULL,NULL),(47,13,'국내가맹점','모든',NULL,NULL,0.0030,NULL,NULL,NULL,4,NULL,NULL),(48,14,'해외가맹점','모든',NULL,NULL,0.0150,NULL,NULL,NULL,3,NULL,NULL),(49,14,'국내가맹점','모든',NULL,NULL,0.0010,NULL,NULL,NULL,3,NULL,NULL),(50,15,'해외이용액','모든',300000,'전월국내이용액',0.0100,NULL,NULL,NULL,3,NULL,NULL),(57,15,'국내이용액','모든',NULL,NULL,0.0020,NULL,NULL,NULL,3,NULL,NULL),(61,16,'공항라운지 무료이용','더라운지멤버스',300000,'전월이용액',NULL,NULL,NULL,NULL,5,NULL,'월 1회 / 연 2회'),(62,16,'포인트 1% 적립','네이버페이',NULL,NULL,NULL,NULL,NULL,NULL,7,20000,NULL),(63,17,'해외이용액','모든',NULL,NULL,0.0020,NULL,NULL,NULL,3,NULL,NULL),(64,17,'국내이용액','모든',NULL,NULL,0.0020,NULL,NULL,NULL,3,NULL,NULL),(65,17,'1000원 할인 쿠폰 매월 2회 지급','국내이용액',300000,'전월이용액',NULL,NULL,NULL,NULL,7,NULL,NULL),(66,17,'월 3, 6, 9번째 이용 건에 마이신한포인트 1000 적립','My Pick 가맹점',300000,'전월이용액',NULL,NULL,NULL,NULL,7,NULL,NULL),(67,18,'해외이용액','모든',300000,'전월이용액',0.0030,NULL,NULL,NULL,4,NULL,NULL),(68,18,'면세점','모든',300000,'전월이용액',0.0030,NULL,NULL,NULL,4,NULL,NULL),(69,18,'공항라운지 무료이용','인천/김포/김해',500000,'전월이용액',NULL,NULL,NULL,NULL,5,NULL,'연 1회'),(70,19,'해외가맹점','모든',NULL,NULL,0.0120,NULL,NULL,NULL,3,NULL,NULL),(71,19,'국내가맹점','모든',300000,'전월이용액',0.0020,NULL,NULL,NULL,3,NULL,NULL),(72,19,'이용금액의 2% 캐시백','버스/지하철',NULL,NULL,NULL,NULL,NULL,NULL,7,NULL,NULL),(73,20,'해외가맹점','모든',NULL,NULL,0.0070,NULL,NULL,NULL,4,NULL,NULL),(74,20,'공항라운지 무료이용','인천/김포/김해',400000,'전월이용액',NULL,NULL,NULL,NULL,5,NULL,'월 1회 / 연 2회'),(75,20,'이체수수료 통합','농협 인터넷/모바일/스마트/텔레뱅킹',400000,'전월이용액',NULL,NULL,NULL,NULL,7,NULL,'월 10회'),(76,9,'이용 건당 3달러 면제','해외 ATM',NULL,NULL,NULL,NULL,NULL,NULL,5,NULL,NULL),(77,19,'이용 건당 3달러 캐시백 제공','해외 인출',NULL,NULL,NULL,NULL,NULL,NULL,5,NULL,'일 1회 / 월 1만원'),(78,9,'이용 건당 0.5달러 면제','해외 예금잔액조회',NULL,NULL,NULL,NULL,NULL,NULL,5,NULL,NULL),(79,21,'해외이용액','모든',NULL,NULL,0.0020,NULL,NULL,NULL,4,NULL,NULL),(80,21,'해외가맹점','모든',NULL,NULL,0.0020,NULL,NULL,NULL,4,NULL,NULL),(81,22,'해외가맹점','모든',300000,'전월이용액',0.0200,NULL,NULL,NULL,1,5000,NULL),(82,22,'공항라운지','더라운지멤버스',300000,'전월이용액',NULL,NULL,NULL,NULL,5,NULL,'연 1회'),(83,23,'해외가맹점','모든',NULL,NULL,0.0500,NULL,NULL,NULL,3,NULL,NULL),(84,24,'해외가맹점','모든',NULL,NULL,0.0200,NULL,NULL,NULL,3,NULL,NULL),(85,24,'이용 건당 3달러 캐시백 제공','해외 인출',NULL,NULL,NULL,NULL,NULL,NULL,5,NULL,NULL),(86,25,'해외가맹점','모든',250000,'전월이용액',0.0100,NULL,NULL,NULL,3,100000,NULL),(87,25,'이용 건당 3달러 면제','해외 ATM',NULL,NULL,NULL,NULL,NULL,NULL,5,NULL,NULL),(88,25,'공항라운지','인천',500000,'전월이용액',NULL,NULL,NULL,NULL,5,NULL,'월 1회 / 연 2회'),(89,26,'해외가맹점','모든',NULL,NULL,0.0100,NULL,NULL,NULL,1,100000,NULL),(90,26,'공항라운지','인천',500000,'전월이용액',NULL,NULL,NULL,NULL,5,NULL,'월 1회 / 연 2회'),(91,27,'해외가맹점','모든',NULL,NULL,0.0100,NULL,NULL,NULL,4,NULL,NULL),(92,27,'이용 건당 3달러 카카오페이머니 적립 제공','해외 인출',NULL,NULL,NULL,NULL,NULL,NULL,5,NULL,'일 1회 / 월 1만원'),(93,28,'면세점','모든',300000,'전월국내이용액',0.0150,NULL,NULL,NULL,4,50000,NULL),(94,28,'해외가맹점','모든',300000,'전월국내이용액',0.0150,NULL,NULL,NULL,4,50000,NULL),(95,28,'공항라운지','더라운지멤버스',300000,'전월이용액',NULL,NULL,NULL,NULL,5,NULL,'월 1회 / 연 2회'),(96,28,'50% 캐시백','해외 유명 박물관/미술관 입장권',300000,'전월이용액',NULL,NULL,NULL,NULL,5,NULL,NULL),(97,8,'50% 청구 할인','해외 유명 박물관/미술관 입장권',500000,'전월이용액',NULL,NULL,NULL,NULL,5,NULL,'건당 1만원 / 월 1회 / 연 3회'),(98,29,'해외가맹점','모든',NULL,NULL,0.0020,NULL,NULL,NULL,4,NULL,NULL),(99,29,'공항라운지','국제공항',500000,'전월이용액',NULL,NULL,NULL,NULL,5,NULL,'연 1회'),(100,30,'해외가맹점','모든',300000,'전월이용액',0.0200,NULL,NULL,NULL,1,5000,NULL),(101,30,'공항라운지','더라운지멤버스',300000,'전월이용액',NULL,NULL,NULL,NULL,5,NULL,'연 1회'),(102,31,'해외가맹점','모든',300000,'전월이용액',0.0500,NULL,NULL,NULL,3,5000,NULL),(103,32,'해외이용액','모든',NULL,NULL,0.0120,NULL,NULL,NULL,2,NULL,NULL),(104,33,'해외이용액','모든',300000,'전월국내이용액',0.0100,NULL,NULL,NULL,4,NULL,NULL),(105,33,'면세점','모든',300000,'전월국내이용액',0.0100,NULL,NULL,NULL,4,NULL,NULL),(106,34,'공항라운지','국내',500000,'전월국내이용액',NULL,NULL,NULL,NULL,5,NULL,'연 2회'),(107,35,'해외이용액','모든',NULL,NULL,0.0100,NULL,NULL,NULL,2,NULL,NULL),(108,36,'해외이용액','모든',NULL,NULL,0.0150,NULL,NULL,NULL,2,500000,NULL),(109,37,'해외가맹점','모든',NULL,NULL,0.0070,NULL,NULL,NULL,4,NULL,NULL),(110,38,'해외가맹점','모든',NULL,NULL,0.0070,NULL,NULL,NULL,4,NULL,NULL),(111,39,'해외가맹점','모든',300000,'전월이용액',NULL,NULL,1500,35,4,100000,NULL),(112,39,'면세점','신라/신세계/롯데/현대백화점',300000,'전월이용액',NULL,NULL,1500,35,4,100000,NULL),(113,39,'공항라운지','인천',300000,'전월이용액',NULL,NULL,NULL,NULL,5,NULL,'월 1회 / 연 2회'),(114,39,'초과 위탁수탁물 5kg','제주항공/진에어/티웨이항공/이스타항공/에어서울',NULL,NULL,NULL,NULL,NULL,NULL,5,NULL,'연 2회'),(115,40,'해외가맹점','모든',NULL,NULL,0.0100,NULL,NULL,NULL,4,NULL,NULL),(116,41,'해외이용액','모든',NULL,NULL,NULL,NULL,1000,1,4,NULL,NULL),(117,41,'공항라운지','인천',500000,'전월이용액',NULL,NULL,NULL,NULL,5,NULL,'월 2회 / 연 4회'),(118,42,'해외이용액','모든',NULL,NULL,0.0170,NULL,NULL,NULL,3,17000,NULL),(119,43,'해외가맹점','모든',500000,'당월이용액',0.0500,NULL,NULL,NULL,4,NULL,NULL),(120,44,'해외이용액','모든',300000,'전월국내이용액',0.0100,NULL,NULL,NULL,1,NULL,NULL),(121,45,'해외가맹점','모든',NULL,NULL,0.0170,NULL,NULL,NULL,1,100000,NULL),(122,46,'해외가맹점','모든',NULL,NULL,0.0150,NULL,NULL,NULL,2,500000,NULL),(123,47,'해외가맹점','모든',NULL,NULL,0.0130,NULL,NULL,NULL,4,NULL,NULL),(124,48,'해외이용액','모든',NULL,NULL,0.0130,NULL,NULL,NULL,4,NULL,NULL),(125,49,'해외가맹점','모든',NULL,NULL,0.0120,NULL,NULL,NULL,3,NULL,NULL),(126,49,'이용 건당 3달러 캐시백 제공','해외 인출',NULL,NULL,NULL,NULL,NULL,NULL,5,NULL,'일 1회 / 월 1만원'),(127,50,'해외이용액','모든',NULL,NULL,0.0150,NULL,NULL,NULL,4,NULL,NULL),(128,50,'면세점','국내',500000,'전월이용액',0.2000,NULL,NULL,NULL,1,10000,NULL),(129,51,'해외가맹점','모든',NULL,NULL,0.0050,NULL,NULL,NULL,1,NULL,NULL),(130,51,'해외이용액','모든',NULL,NULL,0.0050,NULL,NULL,NULL,1,NULL,NULL),(131,52,'해외가맹점','모든',NULL,NULL,0.0500,NULL,NULL,NULL,1,NULL,NULL);
/*!40000 ALTER TABLE `benefit` ENABLE KEYS */;
UNLOCK TABLES;

--
-- Table structure for table `card`
--

DROP TABLE IF EXISTS `card`;
/*!40101 SET @saved_cs_client     = @@character_set_client */;
/*!50503 SET character_set_client = utf8mb4 */;
CREATE TABLE `card` (
  `id` int NOT NULL AUTO_INCREMENT,
  `company` varchar(45) NOT NULL COMMENT '카드 회사(우리카드)',
  `brand` varchar(45) DEFAULT NULL COMMENT '브랜드(MasterCard)',
  `name` varchar(100) DEFAULT NULL,
  `credit` tinyint(1) NOT NULL DEFAULT '1' COMMENT 'TRUE면 신카 아니면 체카',
  `usage_fee` decimal(10,4) DEFAULT NULL,
  `annual_fee` decimal(65,0) DEFAULT NULL,
  `link` varchar(500) DEFAULT NULL,
  PRIMARY KEY (`id`)
) ENGINE=InnoDB AUTO_INCREMENT=53 DEFAULT CHARSET=utf8mb4 COLLATE=utf8mb4_0900_ai_ci;
/*!40101 SET character_set_client = @saved_cs_client */;

--
-- Dumping data for table `card`
--

LOCK TABLES `card` WRITE;
/*!40000 ALTER TABLE `card` DISABLE KEYS */;
INSERT INTO `card` VALUES (1,'우리카드','mastercard','DA@카드의정석',1,0.0130,10000,'https://pc.wooricard.com/dcpc/main.do'),(2,'신한카드','visa','신한카드 The BEST-F',1,0.0128,202000,'https://www.shinhancard.com/pconts/html/card/apply/premium/1187948_2205.html'),(3,'하나카드','mastercard','트래블로그 신용카드',1,0.0112,20000,'https://www.hanacard.co.kr/OPI41000000D.web?CD_PD_SEQ=16787'),(4,'NH농협카드','mastercard','zgm.휴가중카드',1,0.0125,25000,'https://card.nonghyup.com/IpCc0001M.act'),(5,'현대카드','mastercard','the Pink',1,0.0118,150000,'https://www.hyundaicard.com/cpc/cr/CPCCR0201_01.hc?inflow=m&cardwcd=TPI'),(8,'우리카드','unionpay','카드의정석 UniMile',1,0.0090,20000,'https://pc.wooricard.com/dcpc/main.do'),(9,'MG새마을금고','visa','에어머니 체크카드',0,0.0135,0,'https://mgcheck.kfcc.co.kr/pers/appl/persAirmoneyGuid.do?gubun=gv'),(10,'IBK기업은행','bc global','BLISS.5 카드(포인트)',1,0.0018,95000,'https://vip.bccard.com/app/vip/ContentsLinkActn.do?pgm_id=vip0177'),(11,'현대카드','mastercard','현대카드 M BOOST',1,0.0118,30000,'https://www.hyundaicard.com/cpc/cr/CPCCR0201_01.hc?cardWcd=MBT&eventCode=MXZ15'),(12,'신한카드','visa','신한카드 S-Line 체크',0,0.0130,0,'https://www.shinhancard.com/pconts/html/card/apply/check/1188362_2206.html'),(13,'하나카드','mastercard','모두의 일상 체크카드',0,0.0100,0,'https://www.hanacard.co.kr/OPI41000000D.web?CD_PD_SEQ=12782'),(14,'IBK기업은행','mastercard','참! 좋은 글로벌체크카드',0,0.0118,3000,'https://www.bccard.com/app/card/CreditCardMain.do?gdsno=033006'),(15,'BNK부산은행','mastercard','BNK 프렌즈 체크카드',0,0.0125,1000,'https://www.busanbank.co.kr/ib20/mnu/BHP00001'),(16,'우리카드','mastercard','네이버페이 우리카드 체크',0,0.0100,5000,'https://pc.wooricard.com/dcpc/main.do'),(17,'신한카드','mastercard','신한카드 플리 체크(산리오캐릭터즈)',0,0.0120,0,'https://www.shinhancard.com/pconts/html/card/apply/check/1220330_2206.html'),(18,'NH농협카드','visa','올바른POINT체크카드',0,0.0100,0,'https://card.nonghyup.com/IpCc0001M.act'),(19,'신한카드','visa','신한카드 Global+ 체크 월리를찾아라',0,0.0120,0,'https://www.shinhancard.com/pconts/html/card/apply/check/1223184_2206.html'),(20,'NH농협카드','mastercard','올바른 NEW HAVE카드',1,0.0125,12000,'https://card.nonghyup.com/IpCc0001M.act'),(21,'신한카드','unionpay','신한카드 Deep Dream 체크',0,0.0020,0,'https://www.shinhancard.com/pconts/html/card/apply/check/1188313_2206.html'),(22,'KB국민카드','mastercard','노리2 체크카드(Global)',0,0.0125,0,'https://m.kbcard.com/CRD/DVIEW/MCAMCXHIACRC0002?mainCC=b&allianceCode=07972'),(23,'우리카드','mastercard','NU 오하쳌(오늘하루체크)',0,0.0100,0,'https://pc.wooricard.com/dcpc/main.do'),(24,'토스뱅크','mastercard','토스뱅크카드',0,0.0100,0,'https://www.tossbank.com/product-service/card/check-card'),(25,'우리카드','mastercard','알뜰교통카드 COOKIE CHECK',0,0.0100,0,'https://pc.wooricard.com/dcpc/main.do'),(26,'NH농협카드','mastercard','NH20해봄체크카드',0,0.0100,0,'https://card.nonghyup.com/IpCc0001M.act'),(27,'신한카드','mastercard','카카오페이 신한 체크카드',0,0.0100,0,'https://www.shinhancard.com/pconts/html/card/apply/check/1187963_2206.html'),(28,'우리카드','unionpay','카드의정석 UniMile CHECK',0,0.0060,0,'https://pc.wooricard.com/dcpc/main.do'),(29,'NH농협카드','mastercard','올리 POINT 체크',0,0.0100,0,'https://card.nonghyup.com/IpCc0001M.act'),(30,'KB국민카드','mastercard','스타플러스 체크카드',0,0.0125,0,'https://card.kbcard.com/CRD/DVIEW/HCAMCXPRICAC0076?mainCC=a&cooperationcode=09486'),(31,'KB국민카드','mastercard','다담카드',1,0.0125,20000,'https://card.kbcard.com/CRD/DVIEW/HCAMCXPRICAC0076?mainCC=a&cooperationcode=09169'),(32,'롯데카드','mastercard','LOCA LIKIT 1.2',1,0.0120,10000,'https://www.lottecard.co.kr/app/LPCDADB_V100.lc?vtCdKndC=P13937-A13937'),(33,'우리카드','mastercard','카드의정석 WOWRI',1,0.0130,12000,'https://pc.wooricard.com/dcpc/main.do'),(34,'우리카드','mastercard','카드의정석 EVERY MILE SKYPASS',1,0.0130,39000,'https://pc.wooricard.com/dcpc/main.do'),(35,'삼성카드','mastercard','삼성 iD ON 카드',1,0.0120,20000,'https://www.samsungcard.com/home/card/cardinfo/PGHPPCCCardCardinfoDetails001?code=AAP1731'),(36,'삼성카드','mastercard','taptap DIGITAL',1,0.0120,10000,'https://www.samsungcard.com/home/card/cardinfo/PGHPPCCCardCardinfoDetails001?code=AAP1666'),(37,'신한카드','unionpay','신한카드 Deep Dream Platinum+',1,0.0018,30000,'https://www.shinhancard.com/pconts/html/card/apply/credit/1188277_2207.html'),(38,'신한카드','visa','신한카드 Deep Dream(모베러웍스)',1,0.0130,10000,'https://www.shinhancard.com/pconts/html/card/apply/credit/1214145_2207.html'),(39,'하나카드','unionpay','Mile1 하나카드',1,0.0100,20000,'https://www.hanacard.co.kr/OPI41000000D.web?schID=pcd&mID=PI41006884P&CD_PD_SEQ=16883&#none'),(40,'신한카드','jcb','신한카드 Hi-Point',1,0.0018,8000,'https://www.shinhancard.com/pconts/html/card/apply/credit/1187943_2207.html'),(41,'하나카드','AMEX','하나 CLUB H 아메리칸 익스프레스 리저브 카드',1,0.0160,150000,'https://www.hanacard.co.kr/OPI41000000D.web?schID=pcd&mID=PI41006884P&CD_PD_SEQ=15124#none'),(42,'KB국민카드','unionpay','가온올림카드(실속형)',1,0.0025,15000,'https://card.kbcard.com/CRD/DVIEW/HCAMCXPRICAC0076?mainCC=a&cooperationcode=09157&solicitorcode=7030023014&utm_source=google_sa&utm_medium=cpc&utm_campaign=gaonolimsilsok_card&utm_content=gaonolimsilsok_card&utm_term=%EA%B0%80%EC%98%A8%EC%98%AC%EB%A6%BC%EC%B9%B4%EB%93%9C&gclid=Cj0KCQjw06-oBhC6ARIsAGuzdw25SdrVd7MREEFGixV7yt7qBTZaUUu9HqaO4-YbWU3VYBR9vhOw1i4aAtYeEALw_wcB'),(43,'현대카드','mastercard','현대카드 M3 BOOST',1,0.0118,90000,'https://www.hyundaicard.com/cpc/cr/CPCCR0201_01.hc?cardflag=P&cardWcd=M3PBT'),(44,'우리카드','unionpay','카드의정석 댕댕냥이(강아지)',1,0.0090,12000,'https://pc.wooricard.com/dcpc/main.do'),(45,'하나카드','mastercard','슈퍼쇼퍼카드',1,0.0120,15000,'https://m.hanacard.co.kr/MPACMM101M.web?CD_PD_SEQ=13936'),(46,'삼성카드','visa','taptap DRIVE',1,0.0130,10000,'https://www.samsungcard.com/home/card/cardinfo/PGHPPCCCardCardinfoDetails001?code=AAP1667'),(47,'신한카드','visa','신한카드 On 체크(쥬라기)',0,0.0130,0,'https://www.shinhancard.com/pconts/html/card/apply/check/1216884_2206.html'),(48,'신한카드','visa','신한카드 Way 체크(미니언즈 여름)',0,0.0130,0,'https://www.shinhancard.com/pconts/html/card/apply/check/1223183_2206.html'),(49,'신한카드','visa','신한카드 Global+ 체크',0,0.0120,0,'https://www.shinhancard.com/pconts/html/card/apply/check/1192668_2206.html'),(50,'하나카드','jcb','CLUB Premier Travel 카드',1,0.0120,200000,'https://www.hanacard.co.kr/OPI41000000D.web?schID=pcd&CD_PD_SEQ=8876'),(51,'NH농협카드','mastercard','SOHO 다사로이+카드',1,0.0125,25000,'https://card.nonghyup.com/IpCc0001M.act'),(52,'현대카드','mastercard','현대카드 X2 BOOST',1,0.0118,60000,'https://www.hyundaicard.com/cpc/cr/CPCCR0201_01.hc?cardflag=RC&cardWcd=XPE3');
/*!40000 ALTER TABLE `card` ENABLE KEYS */;
UNLOCK TABLES;

--
-- Table structure for table `checklist`
--

DROP TABLE IF EXISTS `checklist`;
/*!40101 SET @saved_cs_client     = @@character_set_client */;
/*!50503 SET character_set_client = utf8mb4 */;
CREATE TABLE `checklist` (
  `id` int NOT NULL AUTO_INCREMENT,
  `content` varchar(45) DEFAULT NULL,
  `price` varchar(100) DEFAULT NULL,
  `checklist_list_id` int NOT NULL,
  `currency` varchar(45) DEFAULT NULL,
  `check` tinyint NOT NULL DEFAULT '0',
  `order` int DEFAULT NULL,
  `when` int DEFAULT NULL,
  PRIMARY KEY (`id`),
  KEY `fk_checklist_checklist_list_id` (`checklist_list_id`),
  CONSTRAINT `fk_checklist_list_id_checklist` FOREIGN KEY (`checklist_list_id`) REFERENCES `checklist_list` (`id`) ON DELETE CASCADE
) ENGINE=InnoDB AUTO_INCREMENT=365 DEFAULT CHARSET=utf8mb3;
/*!40101 SET character_set_client = @saved_cs_client */;

--
-- Dumping data for table `checklist`
--

LOCK TABLES `checklist` WRITE;
/*!40000 ALTER TABLE `checklist` DISABLE KEYS */;
INSERT INTO `checklist` VALUES (82,'여권 발급','33000',12,'원',0,100,0),(83,'여권 사본 준비','0',12,'원',0,101,0),(84,'유심 구매(30일)','19900',12,'원',0,102,0),(85,'멀티 어댑터','25000',12,'원',0,103,0),(86,'의약품','0',12,'원',0,104,0),(87,'자물쇠','14900',12,'원',0,105,0),(88,'작은 우산','8900',12,'원',0,106,0),(89,'국제 운전 면허증','8500',12,'원',0,107,0),(90,'ANA','0',12,'원',0,0,0),(91,'택시 어플','0',12,'원',0,1,0),(92,'휴대용 선풍기','18800',12,'원',0,2,0),(248,'ESTA 비자 신청(90일 이하)(3일 소요)','14',13,'달러',0,0,0),(249,'팁용 잔돈','0',13,'달러',1,0,0),(250,'여권 발급','33000',13,'원',0,0,0),(251,'여권 사본 준비','0',13,'원',0,0,0),(252,'유심 구매(30일)','19900',13,'원',0,0,0),(253,'멀티 어댑터','25000',13,'원',1,0,0),(254,'의약품','0',13,'원',0,0,0),(255,'자물쇠','14900',13,'원',1,0,0),(256,'작은 우산','8900',13,'원',1,0,0),(257,'국제 운전 면허증','8500',13,'원',0,0,0),(258,'','0',13,'',0,1000,0),(280,'SG입국카드','0',14,'원',1,0,0),(281,'벌레 퇴치제','13500',14,'원',1,0,0),(282,'여권 발급','33000',14,'원',1,0,0),(283,'여권 사본 준비','0',14,'원',1,0,0),(284,'유심 구매(30일)','19900',14,'원',1,0,0),(285,'멀티 어댑터','25000',14,'원',1,0,0),(286,'의약품','0',14,'원',1,0,0),(287,'자물쇠','14900',14,'원',1,0,0),(288,'작은 우산','8900',14,'원',1,0,0),(289,'국제 운전 면허증','8500',14,'원',1,0,0),(294,'SG입국카드','0',6,'원',1,0,0),(295,'벌레 퇴치제','13500',6,'원',0,0,0),(296,'여권 사본 준비','0',6,'원',1,0,0),(297,'유심 구매(30일)','19900',6,'원',1,0,0),(298,'멀티 어댑터','25000',6,'원',0,0,0),(299,'의약품','0',6,'원',0,0,0),(300,'자물쇠','14900',6,'원',0,0,0),(301,'작은 우산','8900',6,'원',0,0,0),(302,'국제 운전 면허증','8500',6,'원',0,0,0),(303,'ㅇㅇㄹㅎㄹ','1000',6,'',0,0,0),(304,'ㅇㅇㅇㅇㅇ','123',6,'',0,0,0),(305,'12','12',6,'프랑',0,1000,0),(322,'','',13,'',0,1000,0),(323,'여권 발급','33000',16,'원',1,100,0),(324,'스이카 발급','2000',16,'엔',1,1,0),(325,'여권 사본 준비','0',16,'원',0,101,0),(326,'유심 구매(30일)','19900',16,'원',1,102,0),(327,'동전지갑','0',16,'원',0,4,0),(328,'멀티 어댑터','25000',16,'원',0,103,0),(329,'의약품','0',16,'원',0,104,0),(330,'자물쇠','14900',16,'원',0,105,0),(331,'작은 우산','8900',16,'원',0,106,0),(332,'국제 운전 면허증','8500',16,'원',0,107,0),(334,'디즈니랜드 티켓','1000000',16,'원',1,1000,0),(335,'11222','1111',6,'위안',0,1000,0),(346,'스이카 발급','2000',17,'엔',0,0,0),(347,'동전지갑','0',17,'원',0,0,0),(348,'여권 발급','33000',17,'원',0,0,0),(349,'여권 사본 준비','0',17,'원',0,0,0),(350,'유심 구매(30일)','19900',17,'원',0,0,0),(351,'멀티 어댑터','25000',17,'원',0,0,0),(352,'의약품','0',17,'원',0,0,0),(353,'자물쇠','14900',17,'원',0,0,0),(354,'작은 우산','8900',17,'원',0,0,0),(355,'국제 운전 면허증','8500',17,'원',0,0,0),(356,'여권 발급','33000',18,'원',0,100,0),(357,'여권 사본 준비','0',18,'원',0,101,0),(358,'유심 구매(30일)','19900',18,'원',0,102,0),(359,'멀티 어댑터','25000',18,'원',0,103,0),(360,'의약품','0',18,'원',0,104,0),(361,'자물쇠','14900',18,'원',0,105,0),(362,'작은 우산','8900',18,'원',0,106,0),(363,'국제 운전 면허증','8500',18,'원',0,107,0),(364,'1111','111',13,'달러',0,1000,0);
/*!40000 ALTER TABLE `checklist` ENABLE KEYS */;
UNLOCK TABLES;

--
-- Table structure for table `checklist_list`
--

DROP TABLE IF EXISTS `checklist_list`;
/*!40101 SET @saved_cs_client     = @@character_set_client */;
/*!50503 SET character_set_client = utf8mb4 */;
CREATE TABLE `checklist_list` (
  `id` int NOT NULL AUTO_INCREMENT,
  `country` varchar(45) NOT NULL,
  `name` varchar(45) NOT NULL,
  `start` varchar(45) NOT NULL,
  `end` varchar(45) NOT NULL,
  `color` varchar(45) NOT NULL,
  `user_id` int NOT NULL,
  `clear` tinyint DEFAULT '0',
  PRIMARY KEY (`id`),
  KEY `fk_checklist_list_user_idx` (`user_id`),
  CONSTRAINT `fk_checklist_list_user` FOREIGN KEY (`user_id`) REFERENCES `user` (`id`)
) ENGINE=InnoDB AUTO_INCREMENT=19 DEFAULT CHARSET=utf8mb3;
/*!40101 SET character_set_client = @saved_cs_client */;

--
-- Dumping data for table `checklist_list`
--

LOCK TABLES `checklist_list` WRITE;
/*!40000 ALTER TABLE `checklist_list` DISABLE KEYS */;
INSERT INTO `checklist_list` VALUES (6,'싱가포르','싱가포르 가고싶다','2024-1-16','2024-1-26','#8EE696',3,0),(12,'태국','한번쯤 가보고 싶은 곳','2023-9-30','2023-11-3','#E76060',3,1),(13,'미국','되?나','2023-10-3','2023-10-19','#EEC55B',1,0),(14,'싱가포르','싱가포르','2023-10-9','2023-10-10','#E76060',4,0),(16,'일본','10월 일본 여행','2023-10-15','2023-10-21','#E76060',13,0),(17,'일본','졸업여행','2023-12-5','2023-12-12','#E76060',10,1),(18,'유럽','친구들과 우정여행','2023-11-5','2023-11-12','#78CFB0',10,0);
/*!40000 ALTER TABLE `checklist_list` ENABLE KEYS */;
UNLOCK TABLES;

--
-- Table structure for table `country`
--

DROP TABLE IF EXISTS `country`;
/*!40101 SET @saved_cs_client     = @@character_set_client */;
/*!50503 SET character_set_client = utf8mb4 */;
CREATE TABLE `country` (
  `id` int NOT NULL AUTO_INCREMENT,
  `name` varchar(45) DEFAULT NULL,
  `unit` varchar(45) DEFAULT NULL,
  PRIMARY KEY (`id`)
) ENGINE=InnoDB AUTO_INCREMENT=9 DEFAULT CHARSET=utf8mb3;
/*!40101 SET character_set_client = @saved_cs_client */;

--
-- Dumping data for table `country`
--

LOCK TABLES `country` WRITE;
/*!40000 ALTER TABLE `country` DISABLE KEYS */;
INSERT INTO `country` VALUES (1,'미국','USD'),(2,'일본','JPY'),(3,'유럽','EUR'),(4,'홍콩','HKD'),(5,'싱가포르','SGD'),(6,'중국','CNH'),(7,'태국','THB'),(8,'영국','GBP');
/*!40000 ALTER TABLE `country` ENABLE KEYS */;
UNLOCK TABLES;

--
-- Table structure for table `country_checklist`
--

DROP TABLE IF EXISTS `country_checklist`;
/*!40101 SET @saved_cs_client     = @@character_set_client */;
/*!50503 SET character_set_client = utf8mb4 */;
CREATE TABLE `country_checklist` (
  `id` int NOT NULL AUTO_INCREMENT,
  `country` varchar(45) DEFAULT NULL,
  `content` varchar(45) NOT NULL,
  `price` varchar(100) NOT NULL,
  `currency` varchar(45) DEFAULT NULL,
  `order` int DEFAULT NULL,
  PRIMARY KEY (`id`)
) ENGINE=InnoDB AUTO_INCREMENT=26 DEFAULT CHARSET=utf8mb3;
/*!40101 SET character_set_client = @saved_cs_client */;

--
-- Dumping data for table `country_checklist`
--

LOCK TABLES `country_checklist` WRITE;
/*!40000 ALTER TABLE `country_checklist` DISABLE KEYS */;
INSERT INTO `country_checklist` VALUES (1,'','여권 발급','33000','원',100),(2,'일본','스이카 발급','2000','엔',1),(5,'','여권 사본 준비','0','원',101),(6,'','유심 구매(30일)','19900','원',102),(7,'일본','동전지갑','0','원',4),(8,'','멀티 어댑터','25000','원',103),(12,'','의약품','0','원',104),(13,'','자물쇠','14900','원',105),(14,'','작은 우산','8900','원',106),(15,'미국','ESTA 비자 신청(90일 이하)(3일 소요)','14','달러',0),(16,'','국제 운전 면허증','8500','원',107),(17,'미국','팁용 잔돈','0','달러',2),(18,'홍콩','AEL(교통패스)','8400','원',0),(19,'홍콩','옥토퍼스카드','150','홍콩 달러',1),(20,'싱가포르','SG입국카드','0','원',0),(21,'싱가포르','벌레 퇴치제','13500','원',1),(22,'중국','황사 마스크','0','원',2),(23,'태국','ANA','0','원',0),(24,'태국','택시 어플','0','원',1),(25,'태국','휴대용 선풍기','18800','원',2);
/*!40000 ALTER TABLE `country_checklist` ENABLE KEYS */;
UNLOCK TABLES;

--
-- Table structure for table `django_admin_log`
--

DROP TABLE IF EXISTS `django_admin_log`;
/*!40101 SET @saved_cs_client     = @@character_set_client */;
/*!50503 SET character_set_client = utf8mb4 */;
CREATE TABLE `django_admin_log` (
  `id` int NOT NULL AUTO_INCREMENT,
  `action_time` datetime(6) NOT NULL,
  `object_id` longtext,
  `object_repr` varchar(200) NOT NULL,
  `action_flag` smallint unsigned NOT NULL,
  `change_message` longtext NOT NULL,
  `content_type_id` int DEFAULT NULL,
  `user_id` int NOT NULL,
  PRIMARY KEY (`id`),
  KEY `django_admin_log_content_type_id_c4bce8eb_fk_django_co` (`content_type_id`),
  KEY `django_admin_log_user_id_c564eba6_fk_auth_user_id` (`user_id`),
  CONSTRAINT `django_admin_log_content_type_id_c4bce8eb_fk_django_co` FOREIGN KEY (`content_type_id`) REFERENCES `django_content_type` (`id`),
  CONSTRAINT `django_admin_log_user_id_c564eba6_fk_auth_user_id` FOREIGN KEY (`user_id`) REFERENCES `auth_user` (`id`),
  CONSTRAINT `django_admin_log_chk_1` CHECK ((`action_flag` >= 0))
) ENGINE=InnoDB DEFAULT CHARSET=utf8mb3;
/*!40101 SET character_set_client = @saved_cs_client */;

--
-- Dumping data for table `django_admin_log`
--

LOCK TABLES `django_admin_log` WRITE;
/*!40000 ALTER TABLE `django_admin_log` DISABLE KEYS */;
/*!40000 ALTER TABLE `django_admin_log` ENABLE KEYS */;
UNLOCK TABLES;

--
-- Table structure for table `django_content_type`
--

DROP TABLE IF EXISTS `django_content_type`;
/*!40101 SET @saved_cs_client     = @@character_set_client */;
/*!50503 SET character_set_client = utf8mb4 */;
CREATE TABLE `django_content_type` (
  `id` int NOT NULL AUTO_INCREMENT,
  `app_label` varchar(100) NOT NULL,
  `model` varchar(100) NOT NULL,
  PRIMARY KEY (`id`),
  UNIQUE KEY `django_content_type_app_label_model_76bd3d3b_uniq` (`app_label`,`model`)
) ENGINE=InnoDB AUTO_INCREMENT=40 DEFAULT CHARSET=utf8mb3;
/*!40101 SET character_set_client = @saved_cs_client */;

--
-- Dumping data for table `django_content_type`
--

LOCK TABLES `django_content_type` WRITE;
/*!40000 ALTER TABLE `django_content_type` DISABLE KEYS */;
INSERT INTO `django_content_type` VALUES (1,'admin','logentry'),(3,'auth','group'),(2,'auth','permission'),(4,'auth','user'),(5,'contenttypes','contenttype'),(38,'exchange','country'),(39,'exchange','exchange'),(6,'sessions','session'),(7,'waffle','account'),(8,'waffle','accounthistory'),(9,'waffle','airplane'),(26,'waffle','authgroup'),(27,'waffle','authgrouppermissions'),(28,'waffle','authpermission'),(29,'waffle','authuser'),(30,'waffle','authusergroups'),(31,'waffle','authuseruserpermissions'),(10,'waffle','benefit'),(11,'waffle','card'),(12,'waffle','country'),(32,'waffle','djangoadminlog'),(33,'waffle','djangocontenttype'),(34,'waffle','djangomigrations'),(35,'waffle','djangosession'),(13,'waffle','emailtoken'),(14,'waffle','exchange'),(15,'waffle','exchangeperday'),(16,'waffle','favoritcard'),(17,'waffle','favoritpakcage'),(18,'waffle','packagebenefit'),(36,'waffle','plane'),(37,'waffle','planecard'),(19,'waffle','schedule'),(20,'waffle','scheduler'),(21,'waffle','teamaccount'),(22,'waffle','teammember'),(23,'waffle','teamname'),(24,'waffle','user'),(25,'waffle','usercard');
/*!40000 ALTER TABLE `django_content_type` ENABLE KEYS */;
UNLOCK TABLES;

--
-- Table structure for table `django_migrations`
--

DROP TABLE IF EXISTS `django_migrations`;
/*!40101 SET @saved_cs_client     = @@character_set_client */;
/*!50503 SET character_set_client = utf8mb4 */;
CREATE TABLE `django_migrations` (
  `id` bigint NOT NULL AUTO_INCREMENT,
  `app` varchar(255) NOT NULL,
  `name` varchar(255) NOT NULL,
  `applied` datetime(6) NOT NULL,
  PRIMARY KEY (`id`)
) ENGINE=InnoDB AUTO_INCREMENT=23 DEFAULT CHARSET=utf8mb3;
/*!40101 SET character_set_client = @saved_cs_client */;

--
-- Dumping data for table `django_migrations`
--

LOCK TABLES `django_migrations` WRITE;
/*!40000 ALTER TABLE `django_migrations` DISABLE KEYS */;
INSERT INTO `django_migrations` VALUES (1,'contenttypes','0001_initial','2023-09-25 17:41:06.680331'),(2,'auth','0001_initial','2023-09-25 17:41:07.594448'),(3,'admin','0001_initial','2023-09-25 17:41:07.771220'),(4,'admin','0002_logentry_remove_auto_add','2023-09-25 17:41:07.783803'),(5,'admin','0003_logentry_add_action_flag_choices','2023-09-25 17:41:07.796731'),(6,'contenttypes','0002_remove_content_type_name','2023-09-25 17:41:07.885482'),(7,'auth','0002_alter_permission_name_max_length','2023-09-25 17:41:07.967040'),(8,'auth','0003_alter_user_email_max_length','2023-09-25 17:41:08.058999'),(9,'auth','0004_alter_user_username_opts','2023-09-25 17:41:08.071173'),(10,'auth','0005_alter_user_last_login_null','2023-09-25 17:41:08.139404'),(11,'auth','0006_require_contenttypes_0002','2023-09-25 17:41:08.146566'),(12,'auth','0007_alter_validators_add_error_messages','2023-09-25 17:41:08.158052'),(13,'auth','0008_alter_user_username_max_length','2023-09-25 17:41:08.245112'),(14,'auth','0009_alter_user_last_name_max_length','2023-09-25 17:41:08.330253'),(15,'auth','0010_alter_group_name_max_length','2023-09-25 17:41:08.418874'),(16,'auth','0011_update_proxy_permissions','2023-09-25 17:41:08.432114'),(17,'auth','0012_alter_user_first_name_max_length','2023-09-25 17:41:08.516469'),(18,'sessions','0001_initial','2023-09-25 17:41:08.578213'),(19,'waffle','0001_initial','2023-09-25 17:41:08.602992'),(20,'waffle','0002_delete_splendorinfo_delete_splendorroomcode_and_more','2023-09-25 17:41:08.610721'),(21,'waffle','0003_authgroup_authgrouppermissions_authpermission_and_more','2023-09-25 17:41:08.626159'),(22,'exchange','0001_initial','2023-10-01 04:56:25.148994');
/*!40000 ALTER TABLE `django_migrations` ENABLE KEYS */;
UNLOCK TABLES;

--
-- Table structure for table `django_session`
--

DROP TABLE IF EXISTS `django_session`;
/*!40101 SET @saved_cs_client     = @@character_set_client */;
/*!50503 SET character_set_client = utf8mb4 */;
CREATE TABLE `django_session` (
  `session_key` varchar(40) NOT NULL,
  `session_data` longtext NOT NULL,
  `expire_date` datetime(6) NOT NULL,
  PRIMARY KEY (`session_key`),
  KEY `django_session_expire_date_a5c62663` (`expire_date`)
) ENGINE=InnoDB DEFAULT CHARSET=utf8mb3;
/*!40101 SET character_set_client = @saved_cs_client */;

--
-- Dumping data for table `django_session`
--

LOCK TABLES `django_session` WRITE;
/*!40000 ALTER TABLE `django_session` DISABLE KEYS */;
/*!40000 ALTER TABLE `django_session` ENABLE KEYS */;
UNLOCK TABLES;

--
-- Table structure for table `email_token`
--

DROP TABLE IF EXISTS `email_token`;
/*!40101 SET @saved_cs_client     = @@character_set_client */;
/*!50503 SET character_set_client = utf8mb4 */;
CREATE TABLE `email_token` (
  `id` varchar(45) NOT NULL,
  `expired` tinyint(1) DEFAULT '1',
  `expiration_date` datetime DEFAULT NULL,
  `user_id` int DEFAULT NULL,
  `hold_expired` tinyint(1) DEFAULT '0',
  PRIMARY KEY (`id`)
) ENGINE=InnoDB DEFAULT CHARSET=utf8mb3;
/*!40101 SET character_set_client = @saved_cs_client */;

--
-- Dumping data for table `email_token`
--

LOCK TABLES `email_token` WRITE;
/*!40000 ALTER TABLE `email_token` DISABLE KEYS */;
INSERT INTO `email_token` VALUES ('061ccbd8-e8f2-4354-bed2-6d511241d825',0,'2023-09-21 12:01:11',1,1),('08321bc9-b307-4611-9095-cb8549e01f63',1,'2023-10-05 04:50:20',NULL,0),('104f5ce3-b836-4f2a-85ae-ba881b4c32ac',0,'2023-09-21 11:20:19',1,0),('13f2b5c8-aa7d-4737-87f6-6d1b6f08c34d',0,'2023-10-04 08:01:53',NULL,0),('19541ab1-8dc3-4893-b328-49efa2c3b95e',0,'2023-10-05 12:34:56',1,1),('1f4220b6-61b8-447f-8026-72f7fa55ba24',1,'2023-10-05 16:39:27',NULL,0),('2ba772ea-c4c4-46f0-bf59-a883d148bb26',1,'2023-09-21 05:44:40',NULL,0),('2ca74dde-152a-427a-8ddf-5ded08050bf9',0,'2023-09-21 10:23:18',1,0),('302695f0-a8be-4b67-9008-d47038e0074d',1,'2023-09-21 04:42:24',NULL,0),('35b9a5af-9b56-4f8e-b5f0-648dfd8f3872',0,'2023-09-21 11:14:54',1,0),('4171841a-21f0-4f40-bde0-eb126b0ff8b4',0,'2023-10-05 06:19:04',1,1),('418d19c9-7faa-4b2d-aca3-e0c8eafe6e94',0,'2023-09-21 11:34:17',1,0),('5075d5ff-4913-4b96-b898-b4e8799fae48',0,'2023-09-21 11:37:58',NULL,0),('5244fd40-af58-4a32-8cf6-661303204f8c',0,'2023-09-20 14:57:12',1,1),('5923dade-5f39-4576-b9f9-ba60fb03f690',0,'2023-10-05 05:59:39',NULL,0),('5c662486-fe97-4691-94a0-127772c0e1f3',1,'2023-10-05 08:19:52',NULL,0),('5caddf3e-5bfb-4373-8643-fe060520e00f',0,'2023-09-21 12:54:40',1,1),('5f4b50c4-5961-40a9-a5df-f478adfb8f2d',0,'2023-09-21 10:32:07',NULL,0),('6a1016f3-957f-45fc-9eed-b279afa4a2d5',0,'2023-09-21 10:27:23',1,0),('7aabd65f-6481-4000-81d5-b54a504de979',0,'2023-09-21 11:39:46',1,1),('7cb704e6-6339-4b29-8170-577c90a2766a',1,'2023-09-27 03:20:00',2,1),('7ec1e5c9-50a6-469b-9089-825efb1358d6',0,'2023-09-20 15:02:35',1,1),('807a3a9c-315f-4742-ae68-eae616637a2c',1,'2023-09-22 01:09:30',NULL,0),('83d9a10a-0cca-4ab0-a522-48e836b18df4',0,'2023-09-21 11:12:02',1,0),('89bfae83-a7ae-40ff-bdf3-fe09145a1ab5',1,'2023-09-22 17:18:57',1,1),('8b72b03e-d8e8-4e3a-b9a1-11869e00fc07',0,'2023-09-21 12:18:37',1,1),('93cd9c1f-c642-43ab-bb26-d328108822fd',0,'2023-09-21 11:34:35',1,0),('9763970e-2873-4d60-be5c-41aa92a10e8a',1,'2023-10-04 08:04:20',NULL,0),('a45d7c32-c79f-4f44-aa60-c0050f3a6d4f',0,'2023-09-21 11:09:16',1,0),('a9a30233-19d4-4f4d-a9d2-d5d9b21c2fb3',0,'2023-09-21 10:48:58',NULL,0),('b7b9ce08-6e13-4630-bd44-9d694dfe1113',1,'2023-09-27 04:56:12',NULL,0),('bff7e674-2521-4445-a98c-49a7d3e1b789',0,'2023-10-05 06:15:38',1,1),('c206cc74-79e1-4a20-a44f-7f4196018108',0,'2023-09-21 10:59:36',1,0),('c744d833-6473-4165-bc91-755cdcc6de23',0,'2023-09-22 07:56:06',2,1),('ccd03912-fd31-47fa-a704-85b7bf978164',0,'2023-10-05 16:32:20',NULL,0),('ddb7e0c0-56f3-4cd6-9ddd-15d355713d5f',0,'2023-09-21 12:39:36',1,1),('e9b5c6ad-c8b4-4e4e-b775-2c1e5691a705',0,'2023-09-22 03:51:01',NULL,0),('ee8737fd-bc46-467a-8e88-c7e0a1c4d3c0',1,'2023-10-05 05:31:56',NULL,0),('eee67d2c-1601-4413-ba8d-aabdaf085961',0,'2023-09-21 05:47:27',3,1),('f365450a-a504-490f-af8a-8e61939312a8',0,'2023-09-21 11:36:38',1,1),('f4945cc2-4a53-4793-9483-0e137b094046',0,'2023-09-20 15:02:53',1,1),('f6b8d817-32b2-4b84-a29d-a0cad6e88da6',0,'2023-10-05 05:58:55',NULL,0),('fadbbcec-27e3-44b5-a6a0-2490b3bff807',0,'2023-09-21 05:49:57',NULL,0),('feb61e3b-eef0-4d0f-8c30-09022b79ed5f',0,'2023-10-05 05:57:28',NULL,0);
/*!40000 ALTER TABLE `email_token` ENABLE KEYS */;
UNLOCK TABLES;

--
-- Table structure for table `exchange`
--

DROP TABLE IF EXISTS `exchange`;
/*!40101 SET @saved_cs_client     = @@character_set_client */;
/*!50503 SET character_set_client = utf8mb4 */;
CREATE TABLE `exchange` (
  `id` int NOT NULL AUTO_INCREMENT,
  `price` double DEFAULT NULL,
  `date` datetime DEFAULT NULL,
  `country_id` int NOT NULL,
  PRIMARY KEY (`id`),
  KEY `fk_exchange_country1_idx` (`country_id`),
  CONSTRAINT `fk_exchange_country1` FOREIGN KEY (`country_id`) REFERENCES `country` (`id`)
) ENGINE=InnoDB AUTO_INCREMENT=4339 DEFAULT CHARSET=utf8mb3;
/*!40101 SET character_set_client = @saved_cs_client */;

--
-- Dumping data for table `exchange`
--

LOCK TABLES `exchange` WRITE;
/*!40000 ALTER TABLE `exchange` DISABLE KEYS */;
INSERT INTO `exchange` VALUES (3,194.61,'2022-09-01 00:00:00',6),(4,1351.69,'2022-09-01 00:00:00',3),(5,1561.12,'2022-09-01 00:00:00',8),(6,171.38,'2022-09-01 00:00:00',4),(7,966.34,'2022-09-01 00:00:00',2),(8,962.68,'2022-09-01 00:00:00',5),(9,36.78,'2022-09-01 00:00:00',7),(10,1345.1,'2022-09-01 00:00:00',1),(11,195.37,'2022-09-02 00:00:00',6),(12,1344.17,'2022-09-02 00:00:00',3),(13,1559.99,'2022-09-02 00:00:00',8),(14,172.19,'2022-09-02 00:00:00',4),(15,964.29,'2022-09-02 00:00:00',2),(16,963.74,'2022-09-02 00:00:00',5),(17,36.74,'2022-09-02 00:00:00',7),(18,1351.4,'2022-09-02 00:00:00',1),(19,196.35,'2022-09-05 00:00:00',6),(20,1345.92,'2022-09-05 00:00:00',3),(21,1557.6,'2022-09-05 00:00:00',8),(22,172.82,'2022-09-05 00:00:00',4),(23,966.34,'2022-09-05 00:00:00',2),(24,967.06,'2022-09-05 00:00:00',5),(25,37.01,'2022-09-05 00:00:00',7),(26,1356.5,'2022-09-05 00:00:00',1),(27,197.45,'2022-09-06 00:00:00',6),(28,1361.76,'2022-09-06 00:00:00',3),(29,1581.87,'2022-09-06 00:00:00',8),(30,174.51,'2022-09-06 00:00:00',4),(31,974.98,'2022-09-06 00:00:00',2),(32,976.51,'2022-09-06 00:00:00',5),(33,37.46,'2022-09-06 00:00:00',7),(34,1369.7,'2022-09-06 00:00:00',1),(35,197.52,'2022-09-07 00:00:00',6),(36,1355.5,'2022-09-07 00:00:00',3),(37,1576.26,'2022-09-07 00:00:00',8),(38,174.57,'2022-09-07 00:00:00',4),(39,956.05,'2022-09-07 00:00:00',2),(40,973.92,'2022-09-07 00:00:00',5),(41,37.33,'2022-09-07 00:00:00',7),(42,1370.3,'2022-09-07 00:00:00',1),(43,198.52,'2022-09-08 00:00:00',6),(44,1385.72,'2022-09-08 00:00:00',3),(45,1597.94,'2022-09-08 00:00:00',8),(46,176.49,'2022-09-08 00:00:00',4),(47,961.25,'2022-09-08 00:00:00',2),(48,986.36,'2022-09-08 00:00:00',5),(49,38.04,'2022-09-08 00:00:00',7),(50,1385.3,'2022-09-08 00:00:00',1),(51,198.27,'2022-09-13 00:00:00',6),(52,1398.47,'2022-09-13 00:00:00',3),(53,1613.93,'2022-09-13 00:00:00',8),(54,175.97,'2022-09-13 00:00:00',4),(55,968.07,'2022-09-13 00:00:00',2),(56,989.19,'2022-09-13 00:00:00',5),(57,38.06,'2022-09-13 00:00:00',7),(58,1381.2,'2022-09-13 00:00:00',1),(59,198.66,'2022-09-14 00:00:00',6),(60,1370.13,'2022-09-14 00:00:00',3),(61,1579.3,'2022-09-14 00:00:00',8),(62,175.14,'2022-09-14 00:00:00',4),(63,948.69,'2022-09-14 00:00:00',2),(64,977.18,'2022-09-14 00:00:00',5),(65,37.52,'2022-09-14 00:00:00',7),(66,1374.8,'2022-09-14 00:00:00',1),(67,199.62,'2022-09-15 00:00:00',6),(68,1389.13,'2022-09-15 00:00:00',3),(69,1606.58,'2022-09-15 00:00:00',8),(70,177.31,'2022-09-15 00:00:00',4),(71,973.25,'2022-09-15 00:00:00',2),(72,990.18,'2022-09-15 00:00:00',5),(73,38.01,'2022-09-15 00:00:00',7),(74,1391.7,'2022-09-15 00:00:00',1),(75,199.92,'2022-09-16 00:00:00',6),(76,1393.22,'2022-09-16 00:00:00',3),(77,1597.82,'2022-09-16 00:00:00',8),(78,177.64,'2022-09-16 00:00:00',4),(79,972.58,'2022-09-16 00:00:00',2),(80,989.36,'2022-09-16 00:00:00',5),(81,37.73,'2022-09-16 00:00:00',7),(82,1394.2,'2022-09-16 00:00:00',1),(83,198.85,'2022-09-19 00:00:00',6),(84,1396.71,'2022-09-19 00:00:00',3),(85,1593.15,'2022-09-19 00:00:00',8),(86,177.62,'2022-09-19 00:00:00',4),(87,975.54,'2022-09-19 00:00:00',2),(88,991.43,'2022-09-19 00:00:00',5),(89,37.86,'2022-09-19 00:00:00',7),(90,1394.2,'2022-09-19 00:00:00',1),(91,198.32,'2022-09-20 00:00:00',6),(92,1393.92,'2022-09-20 00:00:00',3),(93,1590,'2022-09-20 00:00:00',8),(94,177.1,'2022-09-20 00:00:00',4),(95,969.83,'2022-09-20 00:00:00',2),(96,987.53,'2022-09-20 00:00:00',5),(97,37.64,'2022-09-20 00:00:00',7),(98,1390.1,'2022-09-20 00:00:00',1),(99,198.08,'2022-09-21 00:00:00',6),(100,1385.21,'2022-09-21 00:00:00',3),(101,1580.38,'2022-09-21 00:00:00',8),(102,176.97,'2022-09-21 00:00:00',4),(103,967.17,'2022-09-21 00:00:00',2),(104,985.07,'2022-09-21 00:00:00',5),(105,37.51,'2022-09-21 00:00:00',7),(106,1389.1,'2022-09-21 00:00:00',1),(107,197.8,'2022-09-22 00:00:00',6),(108,1371.3,'2022-09-22 00:00:00',3),(109,1570.17,'2022-09-22 00:00:00',8),(110,177.54,'2022-09-22 00:00:00',4),(111,965.8,'2022-09-22 00:00:00',2),(112,982.55,'2022-09-22 00:00:00',5),(113,37.47,'2022-09-22 00:00:00',7),(114,1393.6,'2022-09-22 00:00:00',1),(115,198.45,'2022-09-23 00:00:00',6),(116,1385.33,'2022-09-23 00:00:00',3),(117,1585.27,'2022-09-23 00:00:00',8),(118,179.38,'2022-09-23 00:00:00',4),(119,989.15,'2022-09-23 00:00:00',2),(120,992.77,'2022-09-23 00:00:00',5),(121,37.67,'2022-09-23 00:00:00',7),(122,1408,'2022-09-23 00:00:00',1),(123,198.4,'2022-09-26 00:00:00',6),(124,1365.51,'2022-09-26 00:00:00',3),(125,1527.13,'2022-09-26 00:00:00',8),(126,179.42,'2022-09-26 00:00:00',4),(127,981.53,'2022-09-26 00:00:00',2),(128,984.93,'2022-09-26 00:00:00',5),(129,37.49,'2022-09-26 00:00:00',7),(130,1408.4,'2022-09-26 00:00:00',1),(131,199.66,'2022-09-27 00:00:00',6),(132,1374.08,'2022-09-27 00:00:00',3),(133,1530.06,'2022-09-27 00:00:00',8),(134,182.14,'2022-09-27 00:00:00',4),(135,988.8,'2022-09-27 00:00:00',2),(136,994.23,'2022-09-27 00:00:00',5),(137,37.66,'2022-09-27 00:00:00',7),(138,1429.7,'2022-09-27 00:00:00',1),(139,199.31,'2022-09-28 00:00:00',6),(140,1368.47,'2022-09-28 00:00:00',3),(141,1529.82,'2022-09-28 00:00:00',8),(142,181.81,'2022-09-28 00:00:00',4),(143,985.43,'2022-09-28 00:00:00',2),(144,991.63,'2022-09-28 00:00:00',5),(145,37.57,'2022-09-28 00:00:00',7),(146,1427.2,'2022-09-28 00:00:00',1),(147,199.06,'2022-09-29 00:00:00',6),(148,1396.71,'2022-09-29 00:00:00',3),(149,1559.68,'2022-09-29 00:00:00',8),(150,183.02,'2022-09-29 00:00:00',4),(151,995.67,'2022-09-29 00:00:00',2),(152,1001.01,'2022-09-29 00:00:00',5),(153,38,'2022-09-29 00:00:00',7),(154,1436.5,'2022-09-29 00:00:00',1),(155,199.66,'2022-09-30 00:00:00',6),(156,1408.83,'2022-09-30 00:00:00',3),(157,1598.37,'2022-09-30 00:00:00',8),(158,182.78,'2022-09-30 00:00:00',4),(159,993.25,'2022-09-30 00:00:00',2),(160,1001.92,'2022-09-30 00:00:00',5),(161,37.83,'2022-09-30 00:00:00',7),(162,1434.8,'2022-09-30 00:00:00',1),(163,201.26,'2022-10-04 00:00:00',6),(164,1408.18,'2022-10-04 00:00:00',3),(165,1622.71,'2022-10-04 00:00:00',8),(166,182.43,'2022-10-04 00:00:00',4),(167,991.38,'2022-10-04 00:00:00',2),(168,1000.98,'2022-10-04 00:00:00',5),(169,37.87,'2022-10-04 00:00:00',7),(170,1432.1,'2022-10-04 00:00:00',1),(171,201.79,'2022-10-05 00:00:00',6),(172,1429.05,'2022-10-05 00:00:00',3),(173,1640.37,'2022-10-05 00:00:00',8),(174,182.33,'2022-10-05 00:00:00',4),(175,993.58,'2022-10-05 00:00:00',2),(176,1005.59,'2022-10-05 00:00:00',5),(177,38.23,'2022-10-05 00:00:00',7),(178,1431.2,'2022-10-05 00:00:00',1),(179,201.52,'2022-10-06 00:00:00',6),(180,1403.77,'2022-10-06 00:00:00',3),(181,1608.12,'2022-10-06 00:00:00',8),(182,180.79,'2022-10-06 00:00:00',4),(183,982.08,'2022-10-06 00:00:00',2),(184,996.31,'2022-10-06 00:00:00',5),(185,37.9,'2022-10-06 00:00:00',7),(186,1419.1,'2022-10-06 00:00:00',1),(187,199.4,'2022-10-07 00:00:00',6),(188,1374.71,'2022-10-07 00:00:00',3),(189,1566.39,'2022-10-07 00:00:00',8),(190,178.88,'2022-10-07 00:00:00',4),(191,968.58,'2022-10-07 00:00:00',2),(192,982.61,'2022-10-07 00:00:00',5),(193,37.56,'2022-10-07 00:00:00',7),(194,1404.2,'2022-10-07 00:00:00',1),(195,198.64,'2022-10-11 00:00:00',6),(196,1369.26,'2022-10-11 00:00:00',3),(197,1560.85,'2022-10-11 00:00:00',8),(198,179.66,'2022-10-11 00:00:00',4),(199,968.31,'2022-10-11 00:00:00',2),(200,981.73,'2022-10-11 00:00:00',5),(201,37.14,'2022-10-11 00:00:00',7),(202,1410.3,'2022-10-11 00:00:00',1),(203,199.66,'2022-10-12 00:00:00',6),(204,1392.29,'2022-10-12 00:00:00',3),(205,1574.34,'2022-10-12 00:00:00',8),(206,182.61,'2022-10-12 00:00:00',4),(207,982.96,'2022-10-12 00:00:00',2),(208,996.56,'2022-10-12 00:00:00',5),(209,37.62,'2022-10-12 00:00:00',7),(210,1433.5,'2022-10-12 00:00:00',1),(211,199.23,'2022-10-13 00:00:00',6),(212,1388.13,'2022-10-13 00:00:00',3),(213,1586.96,'2022-10-13 00:00:00',8),(214,182.22,'2022-10-13 00:00:00',4),(215,974.88,'2022-10-13 00:00:00',2),(216,996.76,'2022-10-13 00:00:00',5),(217,37.7,'2022-10-13 00:00:00',7),(218,1430.4,'2022-10-13 00:00:00',1),(219,198.74,'2022-10-14 00:00:00',6),(220,1395.04,'2022-10-14 00:00:00',3),(221,1616.22,'2022-10-14 00:00:00',8),(222,181.79,'2022-10-14 00:00:00',4),(223,968.87,'2022-10-14 00:00:00',2),(224,997.31,'2022-10-14 00:00:00',5),(225,37.49,'2022-10-14 00:00:00',7),(226,1427,'2022-10-14 00:00:00',1),(227,198.79,'2022-10-17 00:00:00',6),(228,1391.03,'2022-10-17 00:00:00',3),(229,1604.37,'2022-10-17 00:00:00',8),(230,182.03,'2022-10-17 00:00:00',4),(231,961.67,'2022-10-17 00:00:00',2),(232,1002.77,'2022-10-17 00:00:00',5),(233,37.3,'2022-10-17 00:00:00',7),(234,1428.9,'2022-10-17 00:00:00',1),(235,199.25,'2022-10-18 00:00:00',6),(236,1413.83,'2022-10-18 00:00:00',3),(237,1631.12,'2022-10-18 00:00:00',8),(238,183.02,'2022-10-18 00:00:00',4),(239,964.1,'2022-10-18 00:00:00',2),(240,1010.91,'2022-10-18 00:00:00',5),(241,37.72,'2022-10-18 00:00:00',7),(242,1436.6,'2022-10-18 00:00:00',1),(243,198.12,'2022-10-19 00:00:00',6),(244,1406.78,'2022-10-19 00:00:00',3),(245,1617.77,'2022-10-19 00:00:00',8),(246,181.61,'2022-10-19 00:00:00',4),(247,955.82,'2022-10-19 00:00:00',2),(248,1004.12,'2022-10-19 00:00:00',5),(249,37.41,'2022-10-19 00:00:00',7),(250,1425.6,'2022-10-19 00:00:00',1),(251,196.21,'2022-10-20 00:00:00',6),(252,1387.07,'2022-10-20 00:00:00',3),(253,1591.78,'2022-10-20 00:00:00',8),(254,180.98,'2022-10-20 00:00:00',4),(255,948.11,'2022-10-20 00:00:00',2),(256,996.6,'2022-10-20 00:00:00',5),(257,37.07,'2022-10-20 00:00:00',7),(258,1420.6,'2022-10-20 00:00:00',1),(259,197.35,'2022-10-21 00:00:00',6),(260,1400.2,'2022-10-21 00:00:00',3),(261,1607.23,'2022-10-21 00:00:00',8),(262,182.41,'2022-10-21 00:00:00',4),(263,953.42,'2022-10-21 00:00:00',2),(264,1004.95,'2022-10-21 00:00:00',5),(265,37.46,'2022-10-21 00:00:00',7),(266,1431.7,'2022-10-21 00:00:00',1),(267,197.77,'2022-10-24 00:00:00',6),(268,1414.05,'2022-10-24 00:00:00',3),(269,1625.73,'2022-10-24 00:00:00',8),(270,183.02,'2022-10-24 00:00:00',4),(271,962.03,'2022-10-24 00:00:00',2),(272,1013.47,'2022-10-24 00:00:00',5),(273,37.73,'2022-10-24 00:00:00',7),(274,1436.6,'2022-10-24 00:00:00',1),(275,197.86,'2022-10-25 00:00:00',6),(276,1420.08,'2022-10-25 00:00:00',3),(277,1624.79,'2022-10-25 00:00:00',8),(278,183.01,'2022-10-25 00:00:00',4),(279,965.39,'2022-10-25 00:00:00',2),(280,1010.73,'2022-10-25 00:00:00',5),(281,37.61,'2022-10-25 00:00:00',7),(282,1436.6,'2022-10-25 00:00:00',1),(283,195.58,'2022-10-26 00:00:00',6),(284,1430.9,'2022-10-26 00:00:00',3),(285,1645.51,'2022-10-26 00:00:00',8),(286,183,'2022-10-26 00:00:00',4),(287,969.92,'2022-10-26 00:00:00',2),(288,1013.58,'2022-10-26 00:00:00',5),(289,37.82,'2022-10-26 00:00:00',7),(290,1436.5,'2022-10-26 00:00:00',1),(291,195.17,'2022-10-27 00:00:00',6),(292,1440.2,'2022-10-27 00:00:00',3),(293,1659.71,'2022-10-27 00:00:00',8),(294,181.95,'2022-10-27 00:00:00',4),(295,975.58,'2022-10-27 00:00:00',2),(296,1016.48,'2022-10-27 00:00:00',5),(297,37.86,'2022-10-27 00:00:00',7),(298,1428.2,'2022-10-27 00:00:00',1),(299,196.77,'2022-10-28 00:00:00',6),(300,1413.92,'2022-10-28 00:00:00',3),(301,1640.81,'2022-10-28 00:00:00',8),(302,180.66,'2022-10-28 00:00:00',4),(303,969.91,'2022-10-28 00:00:00',2),(304,1006.07,'2022-10-28 00:00:00',5),(305,37.52,'2022-10-28 00:00:00',7),(306,1418.1,'2022-10-28 00:00:00',1),(307,195.94,'2022-10-31 00:00:00',6),(308,1413.34,'2022-10-31 00:00:00',3),(309,1645.96,'2022-10-31 00:00:00',8),(310,180.83,'2022-10-31 00:00:00',4),(311,961.19,'2022-10-31 00:00:00',2),(312,1005.92,'2022-10-31 00:00:00',5),(313,37.45,'2022-10-31 00:00:00',7),(314,1419.3,'2022-10-31 00:00:00',1),(315,195.2,'2022-11-01 00:00:00',6),(316,1405.7,'2022-11-01 00:00:00',3),(317,1631.55,'2022-11-01 00:00:00',8),(318,181.19,'2022-11-01 00:00:00',4),(319,956.97,'2022-11-01 00:00:00',2),(320,1004.84,'2022-11-01 00:00:00',5),(321,37.37,'2022-11-01 00:00:00',7),(322,1422.2,'2022-11-01 00:00:00',1),(323,193.88,'2022-11-02 00:00:00',6),(324,1404.07,'2022-11-02 00:00:00',3),(325,1632.54,'2022-11-02 00:00:00',8),(326,181.12,'2022-11-02 00:00:00',4),(327,960.9,'2022-11-02 00:00:00',2),(328,1005.05,'2022-11-02 00:00:00',5),(329,37.67,'2022-11-02 00:00:00',7),(330,1421.7,'2022-11-02 00:00:00',1),(331,194.53,'2022-11-03 00:00:00',6),(332,1391.34,'2022-11-03 00:00:00',3),(333,1613.75,'2022-11-03 00:00:00',8),(334,180.65,'2022-11-03 00:00:00',4),(335,958.33,'2022-11-03 00:00:00',2),(336,999.68,'2022-11-03 00:00:00',5),(337,37.48,'2022-11-03 00:00:00',7),(338,1418,'2022-11-03 00:00:00',1),(339,193.88,'2022-11-04 00:00:00',6),(340,1386.62,'2022-11-04 00:00:00',3),(341,1587.77,'2022-11-04 00:00:00',8),(342,181.16,'2022-11-04 00:00:00',4),(343,959.39,'2022-11-04 00:00:00',2),(344,1000.32,'2022-11-04 00:00:00',5),(345,37.39,'2022-11-04 00:00:00',7),(346,1422.1,'2022-11-04 00:00:00',1),(347,194.89,'2022-11-07 00:00:00',6),(348,1412.3,'2022-11-07 00:00:00',3),(349,1611.22,'2022-11-07 00:00:00',8),(350,181.2,'2022-11-07 00:00:00',4),(351,967.85,'2022-11-07 00:00:00',2),(352,1009.47,'2022-11-07 00:00:00',5),(353,37.97,'2022-11-07 00:00:00',7),(354,1422.4,'2022-11-07 00:00:00',1),(355,194.62,'2022-11-08 00:00:00',6),(356,1409.31,'2022-11-08 00:00:00',3),(357,1619.23,'2022-11-08 00:00:00',8),(358,179.18,'2022-11-08 00:00:00',4),(359,959.12,'2022-11-08 00:00:00',2),(360,1003.6,'2022-11-08 00:00:00',5),(361,37.69,'2022-11-08 00:00:00',7),(362,1406.5,'2022-11-08 00:00:00',1),(363,191.37,'2022-11-09 00:00:00',6),(364,1397.7,'2022-11-09 00:00:00',3),(365,1601.22,'2022-11-09 00:00:00',8),(366,176.74,'2022-11-09 00:00:00',4),(367,952.75,'2022-11-09 00:00:00',2),(368,991.67,'2022-11-09 00:00:00',5),(369,37.52,'2022-11-09 00:00:00',7),(370,1387.3,'2022-11-09 00:00:00',1),(371,188.42,'2022-11-10 00:00:00',6),(372,1369.67,'2022-11-10 00:00:00',3),(373,1554.25,'2022-11-10 00:00:00',8),(374,174.32,'2022-11-10 00:00:00',4),(375,934.22,'2022-11-10 00:00:00',2),(376,975.51,'2022-11-10 00:00:00',5),(377,37.14,'2022-11-10 00:00:00',7),(378,1368.3,'2022-11-10 00:00:00',1),(379,188.87,'2022-11-11 00:00:00',6),(380,1396.68,'2022-11-11 00:00:00',3),(381,1601.78,'2022-11-11 00:00:00',8),(382,174.65,'2022-11-11 00:00:00',4),(383,966.39,'2022-11-11 00:00:00',2),(384,990.21,'2022-11-11 00:00:00',5),(385,37.85,'2022-11-11 00:00:00',7),(386,1370.1,'2022-11-11 00:00:00',1),(387,186.43,'2022-11-14 00:00:00',6),(388,1376.39,'2022-11-14 00:00:00',3),(389,1572.17,'2022-11-14 00:00:00',8),(390,170.21,'2022-11-14 00:00:00',4),(391,954.74,'2022-11-14 00:00:00',2),(392,971.07,'2022-11-14 00:00:00',5),(393,37.03,'2022-11-14 00:00:00',7),(394,1334.1,'2022-11-14 00:00:00',1),(395,187.67,'2022-11-15 00:00:00',6),(396,1363.08,'2022-11-15 00:00:00',3),(397,1551.68,'2022-11-15 00:00:00',8),(398,168.52,'2022-11-15 00:00:00',4),(399,942.84,'2022-11-15 00:00:00',2),(400,961.86,'2022-11-15 00:00:00',5),(401,36.98,'2022-11-15 00:00:00',7),(402,1320.3,'2022-11-15 00:00:00',1),(403,187.62,'2022-11-16 00:00:00',6),(404,1367.76,'2022-11-16 00:00:00',3),(405,1567.31,'2022-11-16 00:00:00',8),(406,169.12,'2022-11-16 00:00:00',4),(407,950.31,'2022-11-16 00:00:00',2),(408,964.48,'2022-11-16 00:00:00',5),(409,37.19,'2022-11-16 00:00:00',7),(410,1322.4,'2022-11-16 00:00:00',1),(411,187.62,'2022-11-17 00:00:00',6),(412,1377.83,'2022-11-17 00:00:00',3),(413,1579.45,'2022-11-17 00:00:00',8),(414,169.42,'2022-11-17 00:00:00',4),(415,950.8,'2022-11-17 00:00:00',2),(416,967.56,'2022-11-17 00:00:00',5),(417,37.03,'2022-11-17 00:00:00',7),(418,1325.6,'2022-11-17 00:00:00',1),(419,187.99,'2022-11-18 00:00:00',6),(420,1387.18,'2022-11-18 00:00:00',3),(421,1587.81,'2022-11-18 00:00:00',8),(422,171.01,'2022-11-18 00:00:00',4),(423,954.3,'2022-11-18 00:00:00',2),(424,973.52,'2022-11-18 00:00:00',5),(425,37.33,'2022-11-18 00:00:00',7),(426,1338.4,'2022-11-18 00:00:00',1),(427,187.49,'2022-11-21 00:00:00',6),(428,1384.09,'2022-11-21 00:00:00',3),(429,1593.8,'2022-11-21 00:00:00',8),(430,171.33,'2022-11-21 00:00:00',4),(431,955.2,'2022-11-21 00:00:00',2),(432,974.72,'2022-11-21 00:00:00',5),(433,37.42,'2022-11-21 00:00:00',7),(434,1340,'2022-11-21 00:00:00',1),(435,189.06,'2022-11-22 00:00:00',6),(436,1385.3,'2022-11-22 00:00:00',3),(437,1598.89,'2022-11-22 00:00:00',8),(438,173.33,'2022-11-22 00:00:00',4),(439,951.96,'2022-11-22 00:00:00',2),(440,978.62,'2022-11-22 00:00:00',5),(441,37.25,'2022-11-22 00:00:00',7),(442,1352.3,'2022-11-22 00:00:00',1),(443,189.19,'2022-11-23 00:00:00',6),(444,1396.98,'2022-11-23 00:00:00',3),(445,1611.25,'2022-11-23 00:00:00',8),(446,173.43,'2022-11-23 00:00:00',4),(447,960.37,'2022-11-23 00:00:00',2),(448,983.85,'2022-11-23 00:00:00',5),(449,37.53,'2022-11-23 00:00:00',7),(450,1355.7,'2022-11-23 00:00:00',1),(451,189.11,'2022-11-24 00:00:00',6),(452,1406.66,'2022-11-24 00:00:00',3),(453,1630.67,'2022-11-24 00:00:00',8),(454,172.95,'2022-11-24 00:00:00',4),(455,969.63,'2022-11-24 00:00:00',2),(456,982.03,'2022-11-24 00:00:00',5),(457,37.56,'2022-11-24 00:00:00',7),(458,1352.3,'2022-11-24 00:00:00',1),(459,186.88,'2022-11-25 00:00:00',6),(460,1387.59,'2022-11-25 00:00:00',3),(461,1614.91,'2022-11-25 00:00:00',8),(462,170.75,'2022-11-25 00:00:00',4),(463,961.18,'2022-11-25 00:00:00',2),(464,969.21,'2022-11-25 00:00:00',5),(465,37.26,'2022-11-25 00:00:00',7),(466,1333.2,'2022-11-25 00:00:00',1),(467,184.92,'2022-11-28 00:00:00',6),(468,1376.82,'2022-11-28 00:00:00',3),(469,1600.59,'2022-11-28 00:00:00',8),(470,169.82,'2022-11-28 00:00:00',4),(471,952.31,'2022-11-28 00:00:00',2),(472,962.91,'2022-11-28 00:00:00',5),(473,37.14,'2022-11-28 00:00:00',7),(474,1326.8,'2022-11-28 00:00:00',1),(475,185.43,'2022-11-29 00:00:00',6),(476,1385.06,'2022-11-29 00:00:00',3),(477,1601.78,'2022-11-29 00:00:00',8),(478,171.35,'2022-11-29 00:00:00',4),(479,964.18,'2022-11-29 00:00:00',2),(480,970.68,'2022-11-29 00:00:00',5),(481,37.49,'2022-11-29 00:00:00',7),(482,1339,'2022-11-29 00:00:00',1),(483,184.64,'2022-11-30 00:00:00',6),(484,1374.31,'2022-11-30 00:00:00',3),(485,1591.14,'2022-11-30 00:00:00',8),(486,170.48,'2022-11-30 00:00:00',4),(487,959.54,'2022-11-30 00:00:00',2),(488,968.19,'2022-11-30 00:00:00',5),(489,37.59,'2022-11-30 00:00:00',7),(490,1331.5,'2022-11-30 00:00:00',1),(491,184.62,'2022-12-01 00:00:00',6),(492,1375.02,'2022-12-01 00:00:00',3),(493,1593.76,'2022-12-01 00:00:00',8),(494,169.1,'2022-12-01 00:00:00',4),(495,957.74,'2022-12-01 00:00:00',2),(496,970.45,'2022-12-01 00:00:00',5),(497,37.6,'2022-12-01 00:00:00',7),(498,1320.1,'2022-12-01 00:00:00',1),(499,184.52,'2022-12-02 00:00:00',6),(500,1368.9,'2022-12-02 00:00:00',3),(501,1594.26,'2022-12-02 00:00:00',8),(502,167.22,'2022-12-02 00:00:00',4),(503,961.74,'2022-12-02 00:00:00',2),(504,960.5,'2022-12-02 00:00:00',5),(505,37.37,'2022-12-02 00:00:00',7),(506,1300.8,'2022-12-02 00:00:00',1),(507,184.3,'2022-12-05 00:00:00',6),(508,1369.71,'2022-12-05 00:00:00',3),(509,1596.89,'2022-12-05 00:00:00',8),(510,166.96,'2022-12-05 00:00:00',4),(511,966.59,'2022-12-05 00:00:00',2),(512,961.66,'2022-12-05 00:00:00',5),(513,37.46,'2022-12-05 00:00:00',7),(514,1300.4,'2022-12-05 00:00:00',1),(515,185.82,'2022-12-06 00:00:00',6),(516,1357.08,'2022-12-06 00:00:00',3),(517,1576.93,'2022-12-06 00:00:00',8),(518,166.5,'2022-12-06 00:00:00',4),(519,945.63,'2022-12-06 00:00:00',2),(520,953.3,'2022-12-06 00:00:00',5),(521,36.94,'2022-12-06 00:00:00',7),(522,1293.2,'2022-12-06 00:00:00',1),(523,187.81,'2022-12-07 00:00:00',6),(524,1370.2,'2022-12-07 00:00:00',3),(525,1588.14,'2022-12-07 00:00:00',8),(526,168.38,'2022-12-07 00:00:00',4),(527,955.93,'2022-12-07 00:00:00',2),(528,963.67,'2022-12-07 00:00:00',5),(529,37.33,'2022-12-07 00:00:00',7),(530,1309,'2022-12-07 00:00:00',1),(531,189.02,'2022-12-08 00:00:00',6),(532,1386.79,'2022-12-08 00:00:00',3),(533,1610.98,'2022-12-08 00:00:00',8),(534,169.35,'2022-12-08 00:00:00',4),(535,967.13,'2022-12-08 00:00:00',2),(536,973.41,'2022-12-08 00:00:00',5),(537,37.81,'2022-12-08 00:00:00',7),(538,1319.5,'2022-12-08 00:00:00',1),(539,189.55,'2022-12-09 00:00:00',6),(540,1394.28,'2022-12-09 00:00:00',3),(541,1615.05,'2022-12-09 00:00:00',8),(542,169.58,'2022-12-09 00:00:00',4),(543,966.3,'2022-12-09 00:00:00',2),(544,975.83,'2022-12-09 00:00:00',5),(545,38,'2022-12-09 00:00:00',7),(546,1320.4,'2022-12-09 00:00:00',1),(547,188.07,'2022-12-12 00:00:00',6),(548,1375.59,'2022-12-12 00:00:00',3),(549,1600.45,'2022-12-12 00:00:00',8),(550,167.85,'2022-12-12 00:00:00',4),(551,955.75,'2022-12-12 00:00:00',2),(552,965.24,'2022-12-12 00:00:00',5),(553,37.63,'2022-12-12 00:00:00',7),(554,1306.6,'2022-12-12 00:00:00',1),(555,187.67,'2022-12-13 00:00:00',6),(556,1380.48,'2022-12-13 00:00:00',3),(557,1607.24,'2022-12-13 00:00:00',8),(558,168.52,'2022-12-13 00:00:00',4),(559,952.35,'2022-12-13 00:00:00',2),(560,967.4,'2022-12-13 00:00:00',5),(561,37.59,'2022-12-13 00:00:00',7),(562,1310,'2022-12-13 00:00:00',1),(563,187.12,'2022-12-14 00:00:00',6),(564,1387.36,'2022-12-14 00:00:00',3),(565,1614,'2022-12-14 00:00:00',8),(566,167.77,'2022-12-14 00:00:00',4),(567,963.05,'2022-12-14 00:00:00',2),(568,969.56,'2022-12-14 00:00:00',5),(569,37.7,'2022-12-14 00:00:00',7),(570,1304.4,'2022-12-14 00:00:00',1),(571,186.12,'2022-12-15 00:00:00',6),(572,1383.61,'2022-12-15 00:00:00',3),(573,1609.37,'2022-12-15 00:00:00',8),(574,166.74,'2022-12-15 00:00:00',4),(575,956.74,'2022-12-15 00:00:00',2),(576,961.53,'2022-12-15 00:00:00',5),(577,37.54,'2022-12-15 00:00:00',7),(578,1296,'2022-12-15 00:00:00',1),(579,186.99,'2022-12-16 00:00:00',6),(580,1382.96,'2022-12-16 00:00:00',3),(581,1584.62,'2022-12-16 00:00:00',8),(582,167.31,'2022-12-16 00:00:00',4),(583,944.43,'2022-12-16 00:00:00',2),(584,956.09,'2022-12-16 00:00:00',5),(585,37.11,'2022-12-16 00:00:00',7),(586,1301,'2022-12-16 00:00:00',1),(587,187.57,'2022-12-19 00:00:00',6),(588,1387.92,'2022-12-19 00:00:00',3),(589,1594,'2022-12-19 00:00:00',8),(590,168.31,'2022-12-19 00:00:00',4),(591,961.58,'2022-12-19 00:00:00',2),(592,964.62,'2022-12-19 00:00:00',5),(593,37.6,'2022-12-19 00:00:00',7),(594,1310.1,'2022-12-19 00:00:00',1),(595,186.4,'2022-12-20 00:00:00',6),(596,1381.29,'2022-12-20 00:00:00',3),(597,1581.8,'2022-12-20 00:00:00',8),(598,167.31,'2022-12-20 00:00:00',4),(599,950.89,'2022-12-20 00:00:00',2),(600,959.93,'2022-12-20 00:00:00',5),(601,37.39,'2022-12-20 00:00:00',7),(602,1302,'2022-12-20 00:00:00',1),(603,186.32,'2022-12-21 00:00:00',6),(604,1379.32,'2022-12-21 00:00:00',3),(605,1581.68,'2022-12-21 00:00:00',8),(606,166.67,'2022-12-21 00:00:00',4),(607,983.74,'2022-12-21 00:00:00',2),(608,960.59,'2022-12-21 00:00:00',5),(609,37.47,'2022-12-21 00:00:00',7),(610,1298,'2022-12-21 00:00:00',1),(611,184.6,'2022-12-22 00:00:00',6),(612,1364.83,'2022-12-22 00:00:00',3),(613,1554.15,'2022-12-22 00:00:00',8),(614,165.01,'2022-12-22 00:00:00',4),(615,972.45,'2022-12-22 00:00:00',2),(616,952.19,'2022-12-22 00:00:00',5),(617,37.1,'2022-12-22 00:00:00',7),(618,1286.6,'2022-12-22 00:00:00',1),(619,182.86,'2022-12-23 00:00:00',6),(620,1352.67,'2022-12-23 00:00:00',3),(621,1536.17,'2022-12-23 00:00:00',8),(622,163.7,'2022-12-23 00:00:00',4),(623,963.68,'2022-12-23 00:00:00',2),(624,944.25,'2022-12-23 00:00:00',5),(625,36.62,'2022-12-23 00:00:00',7),(626,1276.1,'2022-12-23 00:00:00',1),(627,183.22,'2022-12-26 00:00:00',6),(628,1361.82,'2022-12-26 00:00:00',3),(629,1546.46,'2022-12-26 00:00:00',8),(630,164.29,'2022-12-26 00:00:00',4),(631,965.4,'2022-12-26 00:00:00',2),(632,949.46,'2022-12-26 00:00:00',5),(633,36.88,'2022-12-26 00:00:00',7),(634,1282.2,'2022-12-26 00:00:00',1),(635,182.61,'2022-12-27 00:00:00',6),(636,1357.71,'2022-12-27 00:00:00',3),(637,1540.74,'2022-12-27 00:00:00',8),(638,163.5,'2022-12-27 00:00:00',4),(639,961.04,'2022-12-27 00:00:00',2),(640,946.71,'2022-12-27 00:00:00',5),(641,36.79,'2022-12-27 00:00:00',7),(642,1276.4,'2022-12-27 00:00:00',1),(643,181.75,'2022-12-28 00:00:00',6),(644,1348.96,'2022-12-28 00:00:00',3),(645,1525.45,'2022-12-28 00:00:00',8),(646,162.58,'2022-12-28 00:00:00',4),(647,950.18,'2022-12-28 00:00:00',2),(648,940.91,'2022-12-28 00:00:00',5),(649,36.6,'2022-12-28 00:00:00',7),(650,1268.3,'2022-12-28 00:00:00',1),(651,181.98,'2022-12-29 00:00:00',6),(652,1347.1,'2022-12-29 00:00:00',3),(653,1524.93,'2022-12-29 00:00:00',8),(654,162.73,'2022-12-29 00:00:00',4),(655,945.19,'2022-12-29 00:00:00',2),(656,939.52,'2022-12-29 00:00:00',5),(657,36.55,'2022-12-29 00:00:00',7),(658,1268.4,'2022-12-29 00:00:00',1),(659,181.44,'2022-12-30 00:00:00',6),(660,1351.2,'2022-12-30 00:00:00',3),(661,1527.67,'2022-12-30 00:00:00',8),(662,162.55,'2022-12-30 00:00:00',4),(663,953.18,'2022-12-30 00:00:00',2),(664,943.11,'2022-12-30 00:00:00',5),(665,36.66,'2022-12-30 00:00:00',7),(666,1267.3,'2022-12-30 00:00:00',1),(667,181.44,'2023-01-02 00:00:00',6),(668,1355.25,'2023-01-02 00:00:00',3),(669,1529.25,'2023-01-02 00:00:00',8),(670,162.27,'2023-01-02 00:00:00',4),(671,968.55,'2023-01-02 00:00:00',2),(672,947.44,'2023-01-02 00:00:00',5),(673,36.63,'2023-01-02 00:00:00',7),(674,1267.3,'2023-01-02 00:00:00',1),(675,183.2,'2023-01-03 00:00:00',6),(676,1355.31,'2023-01-03 00:00:00',3),(677,1531.18,'2023-01-03 00:00:00',8),(678,162.54,'2023-01-03 00:00:00',4),(679,971.93,'2023-01-03 00:00:00',2),(680,945.49,'2023-01-03 00:00:00',5),(681,36.75,'2023-01-03 00:00:00',7),(682,1268.9,'2023-01-03 00:00:00',1),(683,184.01,'2023-01-04 00:00:00',6),(684,1342.45,'2023-01-04 00:00:00',3),(685,1523.02,'2023-01-04 00:00:00',8),(686,162.8,'2023-01-04 00:00:00',4),(687,970.77,'2023-01-04 00:00:00',2),(688,945.83,'2023-01-04 00:00:00',5),(689,37,'2023-01-04 00:00:00',7),(690,1272.1,'2023-01-04 00:00:00',1),(691,184.68,'2023-01-05 00:00:00',6),(692,1351.95,'2023-01-05 00:00:00',3),(693,1537.35,'2023-01-05 00:00:00',8),(694,163.07,'2023-01-05 00:00:00',4),(695,962.62,'2023-01-05 00:00:00',2),(696,950.13,'2023-01-05 00:00:00',5),(697,37.56,'2023-01-05 00:00:00',7),(698,1274.7,'2023-01-05 00:00:00',1),(699,184.48,'2023-01-06 00:00:00',6),(700,1336.74,'2023-01-06 00:00:00',3),(701,1514.07,'2023-01-06 00:00:00',8),(702,162.59,'2023-01-06 00:00:00',4),(703,952.14,'2023-01-06 00:00:00',2),(704,944.5,'2023-01-06 00:00:00',5),(705,37.31,'2023-01-06 00:00:00',7),(706,1270.3,'2023-01-06 00:00:00',1),(707,184.56,'2023-01-09 00:00:00',6),(708,1348.81,'2023-01-09 00:00:00',3),(709,1532.36,'2023-01-09 00:00:00',8),(710,162.32,'2023-01-09 00:00:00',4),(711,958.55,'2023-01-09 00:00:00',2),(712,949.28,'2023-01-09 00:00:00',5),(713,37.55,'2023-01-09 00:00:00',7),(714,1267.2,'2023-01-09 00:00:00',1),(715,183.24,'2023-01-10 00:00:00',6),(716,1338.75,'2023-01-10 00:00:00',3),(717,1519.66,'2023-01-10 00:00:00',8),(718,159.77,'2023-01-10 00:00:00',4),(719,945.94,'2023-01-10 00:00:00',2),(720,937.13,'2023-01-10 00:00:00',5),(721,37.31,'2023-01-10 00:00:00',7),(722,1246.8,'2023-01-10 00:00:00',1),(723,182.9,'2023-01-11 00:00:00',6),(724,1332.12,'2023-01-11 00:00:00',3),(725,1507.32,'2023-01-11 00:00:00',8),(726,158.91,'2023-01-11 00:00:00',4),(727,938.72,'2023-01-11 00:00:00',2),(728,931.64,'2023-01-11 00:00:00',5),(729,37.09,'2023-01-11 00:00:00',7),(730,1240.8,'2023-01-11 00:00:00',1),(731,183.81,'2023-01-12 00:00:00',6),(732,1340.44,'2023-01-12 00:00:00',3),(733,1514.04,'2023-01-12 00:00:00',8),(734,159.41,'2023-01-12 00:00:00',4),(735,942.09,'2023-01-12 00:00:00',2),(736,935.86,'2023-01-12 00:00:00',5),(737,37.26,'2023-01-12 00:00:00',7),(738,1245.3,'2023-01-12 00:00:00',1),(739,183.83,'2023-01-13 00:00:00',6),(740,1350.45,'2023-01-13 00:00:00',3),(741,1520.53,'2023-01-13 00:00:00',8),(742,159.39,'2023-01-13 00:00:00',4),(743,962.46,'2023-01-13 00:00:00',2),(744,940.92,'2023-01-13 00:00:00',5),(745,37.58,'2023-01-13 00:00:00',7),(746,1244.6,'2023-01-13 00:00:00',1),(747,184.45,'2023-01-16 00:00:00',6),(748,1343.45,'2023-01-16 00:00:00',3),(749,1516.7,'2023-01-16 00:00:00',8),(750,158.86,'2023-01-16 00:00:00',4),(751,969.86,'2023-01-16 00:00:00',2),(752,940.1,'2023-01-16 00:00:00',5),(753,37.7,'2023-01-16 00:00:00',7),(754,1240.6,'2023-01-16 00:00:00',1),(755,183.87,'2023-01-17 00:00:00',6),(756,1336.18,'2023-01-17 00:00:00',3),(757,1505.6,'2023-01-17 00:00:00',8),(758,157.99,'2023-01-17 00:00:00',4),(759,961.92,'2023-01-17 00:00:00',2),(760,934.18,'2023-01-17 00:00:00',5),(761,37.34,'2023-01-17 00:00:00',7),(762,1234,'2023-01-17 00:00:00',1),(763,182.95,'2023-01-18 00:00:00',6),(764,1336.47,'2023-01-18 00:00:00',3),(765,1521.62,'2023-01-18 00:00:00',8),(766,158.44,'2023-01-18 00:00:00',4),(767,965.69,'2023-01-18 00:00:00',2),(768,938.08,'2023-01-18 00:00:00',5),(769,37.52,'2023-01-18 00:00:00',7),(770,1238.5,'2023-01-18 00:00:00',1),(771,182.74,'2023-01-19 00:00:00',6),(772,1338.24,'2023-01-19 00:00:00',3),(773,1530.53,'2023-01-19 00:00:00',8),(774,158.46,'2023-01-19 00:00:00',4),(775,962.99,'2023-01-19 00:00:00',2),(776,938.92,'2023-01-19 00:00:00',5),(777,37.57,'2023-01-19 00:00:00',7),(778,1239.8,'2023-01-19 00:00:00',1),(779,182.41,'2023-01-20 00:00:00',6),(780,1338.96,'2023-01-20 00:00:00',3),(781,1531.65,'2023-01-20 00:00:00',8),(782,157.84,'2023-01-20 00:00:00',4),(783,962.35,'2023-01-20 00:00:00',2),(784,935.19,'2023-01-20 00:00:00',5),(785,37.58,'2023-01-20 00:00:00',7),(786,1236,'2023-01-20 00:00:00',1),(787,182.3,'2023-01-25 00:00:00',6),(788,1343.77,'2023-01-25 00:00:00',3),(789,1522.45,'2023-01-25 00:00:00',8),(790,157.66,'2023-01-25 00:00:00',4),(791,948.92,'2023-01-25 00:00:00',2),(792,935.33,'2023-01-25 00:00:00',5),(793,37.67,'2023-01-25 00:00:00',7),(794,1234.4,'2023-01-25 00:00:00',1),(795,181.94,'2023-01-26 00:00:00',6),(796,1346.69,'2023-01-26 00:00:00',3),(797,1530.28,'2023-01-26 00:00:00',8),(798,157.51,'2023-01-26 00:00:00',4),(799,953.21,'2023-01-26 00:00:00',2),(800,939.45,'2023-01-26 00:00:00',5),(801,37.67,'2023-01-26 00:00:00',7),(802,1233.4,'2023-01-26 00:00:00',1),(803,182,'2023-01-27 00:00:00',6),(804,1341.49,'2023-01-27 00:00:00',3),(805,1528.41,'2023-01-27 00:00:00',8),(806,157.29,'2023-01-27 00:00:00',4),(807,946.68,'2023-01-27 00:00:00',2),(808,938.57,'2023-01-27 00:00:00',5),(809,37.52,'2023-01-27 00:00:00',7),(810,1231.4,'2023-01-27 00:00:00',1),(811,182.33,'2023-01-30 00:00:00',6),(812,1336.98,'2023-01-30 00:00:00',3),(813,1524.65,'2023-01-30 00:00:00',8),(814,157.14,'2023-01-30 00:00:00',4),(815,947.51,'2023-01-30 00:00:00',2),(816,937.33,'2023-01-30 00:00:00',5),(817,37.52,'2023-01-30 00:00:00',7),(818,1230.2,'2023-01-30 00:00:00',1),(819,182.09,'2023-01-31 00:00:00',6),(820,1332.83,'2023-01-31 00:00:00',3),(821,1517.32,'2023-01-31 00:00:00',8),(822,156.82,'2023-01-31 00:00:00',4),(823,942.22,'2023-01-31 00:00:00',2),(824,934.76,'2023-01-31 00:00:00',5),(825,37.48,'2023-01-31 00:00:00',7),(826,1228.7,'2023-01-31 00:00:00',1),(827,182.09,'2023-02-01 00:00:00',6),(828,1337.02,'2023-02-01 00:00:00',3),(829,1515.61,'2023-02-01 00:00:00',8),(830,156.99,'2023-02-01 00:00:00',4),(831,946.15,'2023-02-01 00:00:00',2),(832,936.79,'2023-02-01 00:00:00',5),(833,37.44,'2023-02-01 00:00:00',7),(834,1230.8,'2023-02-01 00:00:00',1),(835,182.34,'2023-02-02 00:00:00',6),(836,1355.28,'2023-02-02 00:00:00',3),(837,1525.46,'2023-02-02 00:00:00',8),(838,157.04,'2023-02-02 00:00:00',4),(839,957.06,'2023-02-02 00:00:00',2),(840,942.84,'2023-02-02 00:00:00',5),(841,37.54,'2023-02-02 00:00:00',7),(842,1231.4,'2023-02-02 00:00:00',1),(843,181.49,'2023-02-03 00:00:00',6),(844,1330.13,'2023-02-03 00:00:00',3),(845,1490.84,'2023-02-03 00:00:00',8),(846,155.45,'2023-02-03 00:00:00',4),(847,947.47,'2023-02-03 00:00:00',2),(848,930.59,'2023-02-03 00:00:00',5),(849,36.96,'2023-02-03 00:00:00',7),(850,1219.3,'2023-02-03 00:00:00',1),(851,181.99,'2023-02-06 00:00:00',6),(852,1323.9,'2023-02-06 00:00:00',3),(853,1478.1,'2023-02-06 00:00:00',8),(854,156.39,'2023-02-06 00:00:00',4),(855,931.18,'2023-02-06 00:00:00',2),(856,926.92,'2023-02-06 00:00:00',5),(857,36.64,'2023-02-06 00:00:00',7),(858,1227.2,'2023-02-06 00:00:00',1),(859,183.46,'2023-02-07 00:00:00',6),(860,1338.01,'2023-02-07 00:00:00',3),(861,1499.56,'2023-02-07 00:00:00',8),(862,158.99,'2023-02-07 00:00:00',4),(863,940.34,'2023-02-07 00:00:00',2),(864,939.24,'2023-02-07 00:00:00',5),(865,37.01,'2023-02-07 00:00:00',7),(866,1247.5,'2023-02-07 00:00:00',1),(867,184.89,'2023-02-08 00:00:00',6),(868,1347.44,'2023-02-08 00:00:00',3),(869,1513.23,'2023-02-08 00:00:00',8),(870,160.03,'2023-02-08 00:00:00',4),(871,957.94,'2023-02-08 00:00:00',2),(872,948.43,'2023-02-08 00:00:00',5),(873,37.48,'2023-02-08 00:00:00',7),(874,1256,'2023-02-08 00:00:00',1),(875,185.19,'2023-02-09 00:00:00',6),(876,1346.73,'2023-02-09 00:00:00',3),(877,1517.57,'2023-02-09 00:00:00',8),(878,160.16,'2023-02-09 00:00:00',4),(879,957.32,'2023-02-09 00:00:00',2),(880,948.15,'2023-02-09 00:00:00',5),(881,37.49,'2023-02-09 00:00:00',7),(882,1257.1,'2023-02-09 00:00:00',1),(883,185.86,'2023-02-10 00:00:00',6),(884,1356.44,'2023-02-10 00:00:00',3),(885,1530.75,'2023-02-10 00:00:00',8),(886,160.91,'2023-02-10 00:00:00',4),(887,960.79,'2023-02-10 00:00:00',2),(888,952.96,'2023-02-10 00:00:00',5),(889,37.61,'2023-02-10 00:00:00',7),(890,1263.1,'2023-02-10 00:00:00',1),(891,185.92,'2023-02-13 00:00:00',6),(892,1349.7,'2023-02-13 00:00:00',3),(893,1523.48,'2023-02-13 00:00:00',8),(894,161.07,'2023-02-13 00:00:00',4),(895,961.48,'2023-02-13 00:00:00',2),(896,950.57,'2023-02-13 00:00:00',5),(897,37.48,'2023-02-13 00:00:00',7),(898,1264.3,'2023-02-13 00:00:00',1),(899,186.58,'2023-02-14 00:00:00',6),(900,1366.69,'2023-02-14 00:00:00',3),(901,1546.85,'2023-02-14 00:00:00',8),(902,162.37,'2023-02-14 00:00:00',4),(903,962.43,'2023-02-14 00:00:00',2),(904,959.18,'2023-02-14 00:00:00',5),(905,37.69,'2023-02-14 00:00:00',7),(906,1274.6,'2023-02-14 00:00:00',1),(907,186.21,'2023-02-15 00:00:00',6),(908,1363.24,'2023-02-15 00:00:00',3),(909,1546.04,'2023-02-15 00:00:00',8),(910,161.78,'2023-02-15 00:00:00',4),(911,954.06,'2023-02-15 00:00:00',2),(912,955.71,'2023-02-15 00:00:00',5),(913,37.46,'2023-02-15 00:00:00',7),(914,1269.9,'2023-02-15 00:00:00',1),(915,186.77,'2023-02-16 00:00:00',6),(916,1367.7,'2023-02-16 00:00:00',3),(917,1539.51,'2023-02-16 00:00:00',8),(918,163.03,'2023-02-16 00:00:00',4),(919,955.27,'2023-02-16 00:00:00',2),(920,957.81,'2023-02-16 00:00:00',5),(921,37.31,'2023-02-16 00:00:00',7),(922,1279.3,'2023-02-16 00:00:00',1),(923,187,'2023-02-17 00:00:00',6),(924,1369.19,'2023-02-17 00:00:00',3),(925,1537.29,'2023-02-17 00:00:00',8),(926,163.55,'2023-02-17 00:00:00',4),(927,957.16,'2023-02-17 00:00:00',2),(928,960.17,'2023-02-17 00:00:00',5),(929,37.27,'2023-02-17 00:00:00',7),(930,1283.7,'2023-02-17 00:00:00',1),(931,188.73,'2023-02-20 00:00:00',6),(932,1386.72,'2023-02-20 00:00:00',3),(933,1561.13,'2023-02-20 00:00:00',8),(934,165.42,'2023-02-20 00:00:00',4),(935,966.34,'2023-02-20 00:00:00',2),(936,970.39,'2023-02-20 00:00:00',5),(937,37.67,'2023-02-20 00:00:00',7),(938,1297.7,'2023-02-20 00:00:00',1),(939,188.49,'2023-02-21 00:00:00',6),(940,1384.82,'2023-02-21 00:00:00',3),(941,1560.47,'2023-02-21 00:00:00',8),(942,165.41,'2023-02-21 00:00:00',4),(943,965.07,'2023-02-21 00:00:00',2),(944,969.98,'2023-02-21 00:00:00',5),(945,37.67,'2023-02-21 00:00:00',7),(946,1295.8,'2023-02-21 00:00:00',1),(947,188.64,'2023-02-22 00:00:00',6),(948,1379.9,'2023-02-22 00:00:00',3),(949,1569.73,'2023-02-22 00:00:00',8),(950,165.19,'2023-02-22 00:00:00',4),(951,960.07,'2023-02-22 00:00:00',2),(952,966.69,'2023-02-22 00:00:00',5),(953,37.41,'2023-02-22 00:00:00',7),(954,1295.8,'2023-02-22 00:00:00',1),(955,188.95,'2023-02-23 00:00:00',6),(956,1383.07,'2023-02-23 00:00:00',3),(957,1570.75,'2023-02-23 00:00:00',8),(958,166.17,'2023-02-23 00:00:00',4),(959,966.67,'2023-02-23 00:00:00',2),(960,972.37,'2023-02-23 00:00:00',5),(961,37.67,'2023-02-23 00:00:00',7),(962,1303.8,'2023-02-23 00:00:00',1),(963,188.26,'2023-02-24 00:00:00',6),(964,1377.45,'2023-02-24 00:00:00',3),(965,1561.99,'2023-02-24 00:00:00',8),(966,165.63,'2023-02-24 00:00:00',4),(967,965.78,'2023-02-24 00:00:00',2),(968,968.22,'2023-02-24 00:00:00',5),(969,37.47,'2023-02-24 00:00:00',7),(970,1299.6,'2023-02-24 00:00:00',1),(971,187.76,'2023-02-27 00:00:00',6),(972,1371.9,'2023-02-27 00:00:00',3),(973,1553.84,'2023-02-27 00:00:00',8),(974,165.71,'2023-02-27 00:00:00',4),(975,953.69,'2023-02-27 00:00:00',2),(976,963.15,'2023-02-27 00:00:00',5),(977,37.2,'2023-02-27 00:00:00',7),(978,1300.5,'2023-02-27 00:00:00',1),(979,188.79,'2023-02-28 00:00:00',6),(980,1397.76,'2023-02-28 00:00:00',3),(981,1589.31,'2023-02-28 00:00:00',8),(982,167.94,'2023-02-28 00:00:00',4),(983,967.36,'2023-02-28 00:00:00',2),(984,978.13,'2023-02-28 00:00:00',5),(985,37.65,'2023-02-28 00:00:00',7),(986,1317.4,'2023-02-28 00:00:00',1),(987,189.4,'2023-03-02 00:00:00',6),(988,1407.59,'2023-03-02 00:00:00',3),(989,1586.6,'2023-03-02 00:00:00',8),(990,168.08,'2023-03-02 00:00:00',4),(991,969.39,'2023-03-02 00:00:00',2),(992,982.9,'2023-03-02 00:00:00',5),(993,38.03,'2023-03-02 00:00:00',7),(994,1319.2,'2023-03-02 00:00:00',1),(995,190.13,'2023-03-03 00:00:00',6),(996,1388.89,'2023-03-03 00:00:00',3),(997,1565.67,'2023-03-03 00:00:00',8),(998,166.94,'2023-03-03 00:00:00',4),(999,958.49,'2023-03-03 00:00:00',2),(1000,972.36,'2023-03-03 00:00:00',5),(1001,37.62,'2023-03-03 00:00:00',7),(1002,1310.4,'2023-03-03 00:00:00',1),(1003,188.84,'2023-03-06 00:00:00',6),(1004,1386.22,'2023-03-06 00:00:00',3),(1005,1570.07,'2023-03-06 00:00:00',8),(1006,166.22,'2023-03-06 00:00:00',4),(1007,960.22,'2023-03-06 00:00:00',2),(1008,969.71,'2023-03-06 00:00:00',5),(1009,37.83,'2023-03-06 00:00:00',7),(1010,1304.8,'2023-03-06 00:00:00',1),(1011,187.52,'2023-03-07 00:00:00',6),(1012,1385.26,'2023-03-07 00:00:00',3),(1013,1559.35,'2023-03-07 00:00:00',8),(1014,165.2,'2023-03-07 00:00:00',4),(1015,954.19,'2023-03-07 00:00:00',2),(1016,963.87,'2023-03-07 00:00:00',5),(1017,37.6,'2023-03-07 00:00:00',7),(1018,1296.7,'2023-03-07 00:00:00',1),(1019,187.04,'2023-03-08 00:00:00',6),(1020,1370.68,'2023-03-08 00:00:00',3),(1021,1536.58,'2023-03-08 00:00:00',8),(1022,165.49,'2023-03-08 00:00:00',4),(1023,946.87,'2023-03-08 00:00:00',2),(1024,959.21,'2023-03-08 00:00:00',5),(1025,37.01,'2023-03-08 00:00:00',7),(1026,1299.1,'2023-03-08 00:00:00',1),(1027,188.86,'2023-03-09 00:00:00',6),(1028,1391.61,'2023-03-09 00:00:00',3),(1029,1563.08,'2023-03-09 00:00:00',8),(1030,168.1,'2023-03-09 00:00:00',4),(1031,961.66,'2023-03-09 00:00:00',2),(1032,974.99,'2023-03-09 00:00:00',5),(1033,37.62,'2023-03-09 00:00:00',7),(1034,1319.5,'2023-03-09 00:00:00',1),(1035,189.22,'2023-03-10 00:00:00',6),(1036,1396.37,'2023-03-10 00:00:00',3),(1037,1572.95,'2023-03-10 00:00:00',8),(1038,168.12,'2023-03-10 00:00:00',4),(1039,969.26,'2023-03-10 00:00:00',2),(1040,974.92,'2023-03-10 00:00:00',5),(1041,37.68,'2023-03-10 00:00:00',7),(1042,1319.7,'2023-03-10 00:00:00',1),(1043,190.19,'2023-03-13 00:00:00',6),(1044,1418.76,'2023-03-13 00:00:00',3),(1045,1603.9,'2023-03-13 00:00:00',8),(1046,168.94,'2023-03-13 00:00:00',4),(1047,988.26,'2023-03-13 00:00:00',2),(1048,984.08,'2023-03-13 00:00:00',5),(1049,38.25,'2023-03-13 00:00:00',7),(1050,1325.7,'2023-03-13 00:00:00',1),(1051,189.36,'2023-03-14 00:00:00',6),(1052,1402.34,'2023-03-14 00:00:00',3),(1053,1591.77,'2023-03-14 00:00:00',8),(1054,166.64,'2023-03-14 00:00:00',4),(1055,980.9,'2023-03-14 00:00:00',2),(1056,970.42,'2023-03-14 00:00:00',5),(1057,37.88,'2023-03-14 00:00:00',7),(1058,1307.3,'2023-03-14 00:00:00',1),(1059,189.99,'2023-03-15 00:00:00',6),(1060,1400.74,'2023-03-15 00:00:00',3),(1061,1586.37,'2023-03-15 00:00:00',8),(1062,166.26,'2023-03-15 00:00:00',4),(1063,971.81,'2023-03-15 00:00:00',2),(1064,970.37,'2023-03-15 00:00:00',5),(1065,37.76,'2023-03-15 00:00:00',7),(1066,1304.9,'2023-03-15 00:00:00',1),(1067,189.03,'2023-03-16 00:00:00',6),(1068,1378.17,'2023-03-16 00:00:00',3),(1069,1571.06,'2023-03-16 00:00:00',8),(1070,165.89,'2023-03-16 00:00:00',4),(1071,977.73,'2023-03-16 00:00:00',2),(1072,963.27,'2023-03-16 00:00:00',5),(1073,37.63,'2023-03-16 00:00:00',7),(1074,1302,'2023-03-16 00:00:00',1),(1075,190.1,'2023-03-17 00:00:00',6),(1076,1392.79,'2023-03-17 00:00:00',3),(1077,1588.69,'2023-03-17 00:00:00',8),(1078,167.15,'2023-03-17 00:00:00',4),(1079,983.4,'2023-03-17 00:00:00',2),(1080,974.56,'2023-03-17 00:00:00',5),(1081,38.11,'2023-03-17 00:00:00',7),(1082,1312.1,'2023-03-17 00:00:00',1),(1083,189.26,'2023-03-20 00:00:00',6),(1084,1390.94,'2023-03-20 00:00:00',3),(1085,1587.85,'2023-03-20 00:00:00',8),(1086,166.09,'2023-03-20 00:00:00',4),(1087,987.09,'2023-03-20 00:00:00',2),(1088,972.22,'2023-03-20 00:00:00',5),(1089,38.24,'2023-03-20 00:00:00',7),(1090,1303.6,'2023-03-20 00:00:00',1),(1091,189.84,'2023-03-21 00:00:00',6),(1092,1403,'2023-03-21 00:00:00',3),(1093,1606.58,'2023-03-21 00:00:00',8),(1094,166.85,'2023-03-21 00:00:00',4),(1095,996,'2023-03-21 00:00:00',2),(1096,978.28,'2023-03-21 00:00:00',5),(1097,38.38,'2023-03-21 00:00:00',7),(1098,1308.4,'2023-03-21 00:00:00',1),(1099,190.05,'2023-03-22 00:00:00',6),(1100,1408.63,'2023-03-22 00:00:00',3),(1101,1598.13,'2023-03-22 00:00:00',8),(1102,166.69,'2023-03-22 00:00:00',4),(1103,988.62,'2023-03-22 00:00:00',2),(1104,978.01,'2023-03-22 00:00:00',5),(1105,37.96,'2023-03-22 00:00:00',7),(1106,1307.8,'2023-03-22 00:00:00',1),(1107,189.92,'2023-03-23 00:00:00',6),(1108,1419.77,'2023-03-23 00:00:00',3),(1109,1603.81,'2023-03-23 00:00:00',8),(1110,166.57,'2023-03-23 00:00:00',4),(1111,994.94,'2023-03-23 00:00:00',2),(1112,982.89,'2023-03-23 00:00:00',5),(1113,38.21,'2023-03-23 00:00:00',7),(1114,1307.1,'2023-03-23 00:00:00',1),(1115,187.39,'2023-03-24 00:00:00',6),(1116,1394.42,'2023-03-24 00:00:00',3),(1117,1581.13,'2023-03-24 00:00:00',8),(1118,163.99,'2023-03-24 00:00:00',4),(1119,984.21,'2023-03-24 00:00:00',2),(1120,969.86,'2023-03-24 00:00:00',5),(1121,37.84,'2023-03-24 00:00:00',7),(1122,1287.2,'2023-03-24 00:00:00',1),(1123,188.68,'2023-03-27 00:00:00',6),(1124,1389.72,'2023-03-27 00:00:00',3),(1125,1579.17,'2023-03-27 00:00:00',8),(1126,164.3,'2023-03-27 00:00:00',4),(1127,986.27,'2023-03-27 00:00:00',2),(1128,968.35,'2023-03-27 00:00:00',5),(1129,37.74,'2023-03-27 00:00:00',7),(1130,1289.7,'2023-03-27 00:00:00',1),(1131,188.91,'2023-03-28 00:00:00',6),(1132,1404.58,'2023-03-28 00:00:00',3),(1133,1598.26,'2023-03-28 00:00:00',8),(1134,165.65,'2023-03-28 00:00:00',4),(1135,989.54,'2023-03-28 00:00:00',2),(1136,976.93,'2023-03-28 00:00:00',5),(1137,37.77,'2023-03-28 00:00:00',7),(1138,1300.3,'2023-03-28 00:00:00',1),(1139,188.61,'2023-03-29 00:00:00',6),(1140,1406.51,'2023-03-29 00:00:00',3),(1141,1600.34,'2023-03-29 00:00:00',8),(1142,165.28,'2023-03-29 00:00:00',4),(1143,991.4,'2023-03-29 00:00:00',2),(1144,977.22,'2023-03-29 00:00:00',5),(1145,37.88,'2023-03-29 00:00:00',7),(1146,1297.4,'2023-03-29 00:00:00',1),(1147,188.77,'2023-03-30 00:00:00',6),(1148,1408.57,'2023-03-30 00:00:00',3),(1149,1599.57,'2023-03-30 00:00:00',8),(1150,165.52,'2023-03-30 00:00:00',4),(1151,979.09,'2023-03-30 00:00:00',2),(1152,977.39,'2023-03-30 00:00:00',5),(1153,38.03,'2023-03-30 00:00:00',7),(1154,1299.3,'2023-03-30 00:00:00',1),(1155,189.13,'2023-03-31 00:00:00',6),(1156,1421.53,'2023-03-31 00:00:00',3),(1157,1614.95,'2023-03-31 00:00:00',8),(1158,166.09,'2023-03-31 00:00:00',4),(1159,981.44,'2023-03-31 00:00:00',2),(1160,982.04,'2023-03-31 00:00:00',5),(1161,38.2,'2023-03-31 00:00:00',7),(1162,1303.8,'2023-03-31 00:00:00',1),(1163,188.37,'2023-04-03 00:00:00',6),(1164,1401.23,'2023-04-03 00:00:00',3),(1165,1593.73,'2023-04-03 00:00:00',8),(1166,165.03,'2023-04-03 00:00:00',4),(1167,972.71,'2023-04-03 00:00:00',2),(1168,971.9,'2023-04-03 00:00:00',5),(1169,37.86,'2023-04-03 00:00:00',7),(1170,1295.4,'2023-04-03 00:00:00',1),(1171,191.33,'2023-04-04 00:00:00',6),(1172,1435.75,'2023-04-04 00:00:00',3),(1173,1635.11,'2023-04-04 00:00:00',8),(1174,167.73,'2023-04-04 00:00:00',4),(1175,995.27,'2023-04-04 00:00:00',2),(1176,992.05,'2023-04-04 00:00:00',5),(1177,38.49,'2023-04-04 00:00:00',7),(1178,1316.3,'2023-04-04 00:00:00',1),(1179,190.12,'2023-04-05 00:00:00',6),(1180,1435.83,'2023-04-05 00:00:00',3),(1181,1638.33,'2023-04-05 00:00:00',8),(1182,166.93,'2023-04-05 00:00:00',4),(1183,995.03,'2023-04-05 00:00:00',2),(1184,988.64,'2023-04-05 00:00:00',5),(1185,38.51,'2023-04-05 00:00:00',7),(1186,1310.3,'2023-04-05 00:00:00',1),(1187,190.99,'2023-04-06 00:00:00',6),(1188,1431.22,'2023-04-06 00:00:00',3),(1189,1635.28,'2023-04-06 00:00:00',8),(1190,167.13,'2023-04-06 00:00:00',4),(1191,1001.34,'2023-04-06 00:00:00',2),(1192,987.76,'2023-04-06 00:00:00',5),(1193,38.64,'2023-04-06 00:00:00',7),(1194,1311.9,'2023-04-06 00:00:00',1),(1195,191.5,'2023-04-07 00:00:00',6),(1196,1439.62,'2023-04-07 00:00:00',3),(1197,1639.8,'2023-04-07 00:00:00',8),(1198,167.99,'2023-04-07 00:00:00',4),(1199,999.77,'2023-04-07 00:00:00',2),(1200,990.94,'2023-04-07 00:00:00',5),(1201,38.64,'2023-04-07 00:00:00',7),(1202,1318.7,'2023-04-07 00:00:00',1),(1203,191.61,'2023-04-10 00:00:00',6),(1204,1438.79,'2023-04-10 00:00:00',3),(1205,1638.73,'2023-04-10 00:00:00',8),(1206,168.02,'2023-04-10 00:00:00',4),(1207,999.36,'2023-04-10 00:00:00',2),(1208,990.95,'2023-04-10 00:00:00',5),(1209,38.59,'2023-04-10 00:00:00',7),(1210,1318.9,'2023-04-10 00:00:00',1),(1211,191.72,'2023-04-11 00:00:00',6),(1212,1434.31,'2023-04-11 00:00:00',3),(1213,1635.08,'2023-04-11 00:00:00',8),(1214,168.16,'2023-04-11 00:00:00',4),(1215,988.28,'2023-04-11 00:00:00',2),(1216,990.69,'2023-04-11 00:00:00',5),(1217,38.42,'2023-04-11 00:00:00',7),(1218,1320,'2023-04-11 00:00:00',1),(1219,191.43,'2023-04-12 00:00:00',6),(1220,1440.37,'2023-04-12 00:00:00',3),(1221,1640.01,'2023-04-12 00:00:00',8),(1222,168.09,'2023-04-12 00:00:00',4),(1223,987.32,'2023-04-12 00:00:00',2),(1224,990.21,'2023-04-12 00:00:00',5),(1225,38.51,'2023-04-12 00:00:00',7),(1226,1319.5,'2023-04-12 00:00:00',1),(1227,192.11,'2023-04-13 00:00:00',6),(1228,1456.09,'2023-04-13 00:00:00',3),(1229,1653.79,'2023-04-13 00:00:00',8),(1230,168.71,'2023-04-13 00:00:00',4),(1231,995.34,'2023-04-13 00:00:00',2),(1232,997.33,'2023-04-13 00:00:00',5),(1233,38.8,'2023-04-13 00:00:00',7),(1234,1324.2,'2023-04-13 00:00:00',1),(1235,191.5,'2023-04-14 00:00:00',6),(1236,1456.39,'2023-04-14 00:00:00',3),(1237,1650.6,'2023-04-14 00:00:00',8),(1238,167.91,'2023-04-14 00:00:00',4),(1239,994.15,'2023-04-14 00:00:00',2),(1240,996.9,'2023-04-14 00:00:00',5),(1241,38.78,'2023-04-14 00:00:00',7),(1242,1318,'2023-04-14 00:00:00',1),(1243,189.58,'2023-04-17 00:00:00',6),(1244,1427.48,'2023-04-17 00:00:00',3),(1245,1611.85,'2023-04-17 00:00:00',8),(1246,165.53,'2023-04-17 00:00:00',4),(1247,970.1,'2023-04-17 00:00:00',2),(1248,976.04,'2023-04-17 00:00:00',5),(1249,37.89,'2023-04-17 00:00:00',7),(1250,1299.3,'2023-04-17 00:00:00',1),(1251,190.61,'2023-04-18 00:00:00',6),(1252,1432.73,'2023-04-18 00:00:00',3),(1253,1622.6,'2023-04-18 00:00:00',8),(1254,167.06,'2023-04-18 00:00:00',4),(1255,975.27,'2023-04-18 00:00:00',2),(1256,982.87,'2023-04-18 00:00:00',5),(1257,38.02,'2023-04-18 00:00:00',7),(1258,1311.3,'2023-04-18 00:00:00',1),(1259,191.67,'2023-04-19 00:00:00',6),(1260,1447.38,'2023-04-19 00:00:00',3),(1261,1639,'2023-04-19 00:00:00',8),(1262,168.01,'2023-04-19 00:00:00',4),(1263,984.07,'2023-04-19 00:00:00',2),(1264,989.72,'2023-04-19 00:00:00',5),(1265,38.46,'2023-04-19 00:00:00',7),(1266,1318.8,'2023-04-19 00:00:00',1),(1267,191.52,'2023-04-20 00:00:00',6),(1268,1444.42,'2023-04-20 00:00:00',3),(1269,1639.33,'2023-04-20 00:00:00',8),(1270,168.02,'2023-04-20 00:00:00',4),(1271,978.66,'2023-04-20 00:00:00',2),(1272,987.98,'2023-04-20 00:00:00',5),(1273,38.29,'2023-04-20 00:00:00',7),(1274,1318.8,'2023-04-20 00:00:00',1),(1275,192.55,'2023-04-21 00:00:00',6),(1276,1456.05,'2023-04-21 00:00:00',3),(1277,1651.67,'2023-04-21 00:00:00',8),(1278,169.14,'2023-04-21 00:00:00',4),(1279,989.6,'2023-04-21 00:00:00',2),(1280,996.29,'2023-04-21 00:00:00',5),(1281,38.68,'2023-04-21 00:00:00',7),(1282,1327.6,'2023-04-21 00:00:00',1),(1283,192.89,'2023-04-24 00:00:00',6),(1284,1460.03,'2023-04-24 00:00:00',3),(1285,1653.3,'2023-04-24 00:00:00',8),(1286,169.21,'2023-04-24 00:00:00',4),(1287,990.86,'2023-04-24 00:00:00',2),(1288,995.54,'2023-04-24 00:00:00',5),(1289,38.61,'2023-04-24 00:00:00',7),(1290,1327.9,'2023-04-24 00:00:00',1),(1291,193.01,'2023-04-25 00:00:00',6),(1292,1472.9,'2023-04-25 00:00:00',3),(1293,1665.21,'2023-04-25 00:00:00',8),(1294,169.8,'2023-04-25 00:00:00',4),(1295,993.7,'2023-04-25 00:00:00',2),(1296,999.62,'2023-04-25 00:00:00',5),(1297,38.81,'2023-04-25 00:00:00',7),(1298,1332.7,'2023-04-25 00:00:00',1),(1299,193.29,'2023-04-26 00:00:00',6),(1300,1463.3,'2023-04-26 00:00:00',3),(1301,1655.03,'2023-04-26 00:00:00',8),(1302,169.86,'2023-04-26 00:00:00',4),(1303,997.42,'2023-04-26 00:00:00',2),(1304,996.45,'2023-04-26 00:00:00',5),(1305,38.79,'2023-04-26 00:00:00',7),(1306,1333.3,'2023-04-26 00:00:00',1),(1307,192.87,'2023-04-27 00:00:00',6),(1308,1476.71,'2023-04-27 00:00:00',3),(1309,1667.68,'2023-04-27 00:00:00',8),(1310,170.37,'2023-04-27 00:00:00',4),(1311,1001.61,'2023-04-27 00:00:00',2),(1312,1001.39,'2023-04-27 00:00:00',5),(1313,39.19,'2023-04-27 00:00:00',7),(1314,1337.3,'2023-04-27 00:00:00',1),(1315,193.37,'2023-04-28 00:00:00',6),(1316,1477.64,'2023-04-28 00:00:00',3),(1317,1674.41,'2023-04-28 00:00:00',8),(1318,170.7,'2023-04-28 00:00:00',4),(1319,1000.63,'2023-04-28 00:00:00',2),(1320,1003.56,'2023-04-28 00:00:00',5),(1321,39.28,'2023-04-28 00:00:00',7),(1322,1339.9,'2023-04-28 00:00:00',1),(1323,193.44,'2023-05-02 00:00:00',6),(1324,1469.33,'2023-05-02 00:00:00',3),(1325,1672.54,'2023-05-02 00:00:00',8),(1326,170.59,'2023-05-02 00:00:00',4),(1327,974,'2023-05-02 00:00:00',2),(1328,1002.06,'2023-05-02 00:00:00',5),(1329,39.11,'2023-05-02 00:00:00',7),(1330,1339.1,'2023-05-02 00:00:00',1),(1331,192.72,'2023-05-03 00:00:00',6),(1332,1475.56,'2023-05-03 00:00:00',3),(1333,1671.9,'2023-05-03 00:00:00',8),(1334,170.73,'2023-05-03 00:00:00',4),(1335,982.34,'2023-05-03 00:00:00',2),(1336,1004.35,'2023-05-03 00:00:00',5),(1337,39.33,'2023-05-03 00:00:00',7),(1338,1340.2,'2023-05-03 00:00:00',1),(1339,193.3,'2023-05-04 00:00:00',6),(1340,1481.71,'2023-05-04 00:00:00',3),(1341,1682.31,'2023-05-04 00:00:00',8),(1342,170.6,'2023-05-04 00:00:00',4),(1343,995.21,'2023-05-04 00:00:00',2),(1344,1006.5,'2023-05-04 00:00:00',5),(1345,39.45,'2023-05-04 00:00:00',7),(1346,1339.1,'2023-05-04 00:00:00',1),(1347,191.7,'2023-05-08 00:00:00',6),(1348,1460.41,'2023-05-08 00:00:00',3),(1349,1674.03,'2023-05-08 00:00:00',8),(1350,168.92,'2023-05-08 00:00:00',4),(1351,980.87,'2023-05-08 00:00:00',2),(1352,999.81,'2023-05-08 00:00:00',5),(1353,39.15,'2023-05-08 00:00:00',7),(1354,1325.6,'2023-05-08 00:00:00',1),(1355,191.14,'2023-05-09 00:00:00',6),(1356,1455.04,'2023-05-09 00:00:00',3),(1357,1668.78,'2023-05-09 00:00:00',8),(1358,168.53,'2023-05-09 00:00:00',4),(1359,979.52,'2023-05-09 00:00:00',2),(1360,998.23,'2023-05-09 00:00:00',5),(1361,39.11,'2023-05-09 00:00:00',7),(1362,1322.7,'2023-05-09 00:00:00',1),(1363,191.05,'2023-05-10 00:00:00',6),(1364,1450.8,'2023-05-10 00:00:00',3),(1365,1670.35,'2023-05-10 00:00:00',8),(1366,168.72,'2023-05-10 00:00:00',4),(1367,978.22,'2023-05-10 00:00:00',2),(1368,996.87,'2023-05-10 00:00:00',5),(1369,39.29,'2023-05-10 00:00:00',7),(1370,1323,'2023-05-10 00:00:00',1),(1371,191.08,'2023-05-11 00:00:00',6),(1372,1454.7,'2023-05-11 00:00:00',3),(1373,1672.2,'2023-05-11 00:00:00',8),(1374,169.08,'2023-05-11 00:00:00',4),(1375,987.36,'2023-05-11 00:00:00',2),(1376,999.66,'2023-05-11 00:00:00',5),(1377,39.35,'2023-05-11 00:00:00',7),(1378,1324.2,'2023-05-11 00:00:00',1),(1379,190.44,'2023-05-12 00:00:00',6),(1380,1441.24,'2023-05-12 00:00:00',3),(1381,1651.76,'2023-05-12 00:00:00',8),(1382,168.48,'2023-05-12 00:00:00',4),(1383,981.85,'2023-05-12 00:00:00',2),(1384,991.51,'2023-05-12 00:00:00',5),(1385,39.04,'2023-05-12 00:00:00',7),(1386,1320.3,'2023-05-12 00:00:00',1),(1387,191.86,'2023-05-15 00:00:00',6),(1388,1447.09,'2023-05-15 00:00:00',3),(1389,1660.07,'2023-05-15 00:00:00',8),(1390,170.05,'2023-05-15 00:00:00',4),(1391,982.21,'2023-05-15 00:00:00',2),(1392,996.26,'2023-05-15 00:00:00',5),(1393,39.32,'2023-05-15 00:00:00',7),(1394,1333.6,'2023-05-15 00:00:00',1),(1395,192.01,'2023-05-16 00:00:00',6),(1396,1454.79,'2023-05-16 00:00:00',3),(1397,1675.59,'2023-05-16 00:00:00',8),(1398,170.67,'2023-05-16 00:00:00',4),(1399,983.57,'2023-05-16 00:00:00',2),(1400,1001.12,'2023-05-16 00:00:00',5),(1401,39.6,'2023-05-16 00:00:00',7),(1402,1337.8,'2023-05-16 00:00:00',1),(1403,191.72,'2023-05-17 00:00:00',6),(1404,1451.16,'2023-05-17 00:00:00',3),(1405,1667.46,'2023-05-17 00:00:00',8),(1406,170.44,'2023-05-17 00:00:00',4),(1407,979.29,'2023-05-17 00:00:00',2),(1408,996.61,'2023-05-17 00:00:00',5),(1409,39.18,'2023-05-17 00:00:00',7),(1410,1336,'2023-05-17 00:00:00',1),(1411,191.29,'2023-05-18 00:00:00',6),(1412,1451.64,'2023-05-18 00:00:00',3),(1413,1672.58,'2023-05-18 00:00:00',8),(1414,171.03,'2023-05-18 00:00:00',4),(1415,973.44,'2023-05-18 00:00:00',2),(1416,997.84,'2023-05-18 00:00:00',5),(1417,39.1,'2023-05-18 00:00:00',7),(1418,1339.4,'2023-05-18 00:00:00',1),(1419,189.72,'2023-05-19 00:00:00',6),(1420,1436.12,'2023-05-19 00:00:00',3),(1421,1654.35,'2023-05-19 00:00:00',8),(1422,170.27,'2023-05-19 00:00:00',4),(1423,962,'2023-05-19 00:00:00',2),(1424,988.83,'2023-05-19 00:00:00',5),(1425,38.71,'2023-05-19 00:00:00',7),(1426,1332.7,'2023-05-19 00:00:00',1),(1427,188.66,'2023-05-22 00:00:00',6),(1428,1440.69,'2023-05-22 00:00:00',3),(1429,1658.48,'2023-05-22 00:00:00',8),(1430,170.28,'2023-05-22 00:00:00',4),(1431,967.34,'2023-05-22 00:00:00',2),(1432,990.07,'2023-05-22 00:00:00',5),(1433,38.79,'2023-05-22 00:00:00',7),(1434,1331.2,'2023-05-22 00:00:00',1),(1435,187.69,'2023-05-23 00:00:00',6),(1436,1426.01,'2023-05-23 00:00:00',3),(1437,1640.37,'2023-05-23 00:00:00',8),(1438,168.5,'2023-05-23 00:00:00',4),(1439,951.9,'2023-05-23 00:00:00',2),(1440,979.69,'2023-05-23 00:00:00',5),(1441,38.28,'2023-05-23 00:00:00',7),(1442,1319.1,'2023-05-23 00:00:00',1),(1443,185.76,'2023-05-24 00:00:00',6),(1444,1412.77,'2023-05-24 00:00:00',3),(1445,1628.76,'2023-05-24 00:00:00',8),(1446,167.33,'2023-05-24 00:00:00',4),(1447,946.59,'2023-05-24 00:00:00',2),(1448,973.72,'2023-05-24 00:00:00',5),(1449,37.93,'2023-05-24 00:00:00',7),(1450,1311.4,'2023-05-24 00:00:00',1),(1451,186.32,'2023-05-25 00:00:00',6),(1452,1416.97,'2023-05-25 00:00:00',3),(1453,1629.48,'2023-05-25 00:00:00',8),(1454,168.27,'2023-05-25 00:00:00',4),(1455,946.31,'2023-05-25 00:00:00',2),(1456,976.61,'2023-05-25 00:00:00',5),(1457,38.05,'2023-05-25 00:00:00',7),(1458,1317.5,'2023-05-25 00:00:00',1),(1459,186.93,'2023-05-26 00:00:00',6),(1460,1419.48,'2023-05-26 00:00:00',3),(1461,1630.96,'2023-05-26 00:00:00',8),(1462,168.91,'2023-05-26 00:00:00',4),(1463,945.72,'2023-05-26 00:00:00',2),(1464,977,'2023-05-26 00:00:00',5),(1465,38.09,'2023-05-26 00:00:00',7),(1466,1323.4,'2023-05-26 00:00:00',1),(1467,187.25,'2023-05-30 00:00:00',6),(1468,1419.45,'2023-05-30 00:00:00',3),(1469,1637.91,'2023-05-30 00:00:00',8),(1470,169.33,'2023-05-30 00:00:00',4),(1471,943.72,'2023-05-30 00:00:00',2),(1472,979.21,'2023-05-30 00:00:00',5),(1473,38.2,'2023-05-30 00:00:00',7),(1474,1325.6,'2023-05-30 00:00:00',1),(1475,186.31,'2023-05-31 00:00:00',6),(1476,1418.99,'2023-05-31 00:00:00',3),(1477,1640.72,'2023-05-31 00:00:00',8),(1478,168.77,'2023-05-31 00:00:00',4),(1479,945.98,'2023-05-31 00:00:00',2),(1480,978.94,'2023-05-31 00:00:00',5),(1481,38.12,'2023-05-31 00:00:00',7),(1482,1322.2,'2023-05-31 00:00:00',1),(1483,185.92,'2023-06-01 00:00:00',6),(1484,1413.39,'2023-06-01 00:00:00',3),(1485,1644.93,'2023-06-01 00:00:00',8),(1486,168.78,'2023-06-01 00:00:00',4),(1487,950.01,'2023-06-01 00:00:00',2),(1488,977.91,'2023-06-01 00:00:00',5),(1489,38.1,'2023-06-01 00:00:00',7),(1490,1321.6,'2023-06-01 00:00:00',1),(1491,185.58,'2023-06-02 00:00:00',6),(1492,1421.54,'2023-06-02 00:00:00',3),(1493,1654.51,'2023-06-02 00:00:00',8),(1494,168.65,'2023-06-02 00:00:00',4),(1495,951.75,'2023-06-02 00:00:00',2),(1496,980.4,'2023-06-02 00:00:00',5),(1497,38.21,'2023-06-02 00:00:00',7),(1498,1320.7,'2023-06-02 00:00:00',1),(1499,184.32,'2023-06-05 00:00:00',6),(1500,1400.55,'2023-06-05 00:00:00',3),(1501,1627.56,'2023-06-05 00:00:00',8),(1502,167,'2023-06-05 00:00:00',4),(1503,934.02,'2023-06-05 00:00:00',2),(1504,969.01,'2023-06-05 00:00:00',5),(1505,37.59,'2023-06-05 00:00:00',7),(1506,1308.8,'2023-06-05 00:00:00',1),(1507,183.99,'2023-06-07 00:00:00',6),(1508,1398.97,'2023-06-07 00:00:00',3),(1509,1625.43,'2023-06-07 00:00:00',8),(1510,166.81,'2023-06-07 00:00:00',4),(1511,937.28,'2023-06-07 00:00:00',2),(1512,970.37,'2023-06-07 00:00:00',5),(1513,37.61,'2023-06-07 00:00:00',7),(1514,1308.3,'2023-06-07 00:00:00',1),(1515,182.46,'2023-06-08 00:00:00',6),(1516,1391.21,'2023-06-08 00:00:00',3),(1517,1617.43,'2023-06-08 00:00:00',8),(1518,165.86,'2023-06-08 00:00:00',4),(1519,928.63,'2023-06-08 00:00:00',2),(1520,964.23,'2023-06-08 00:00:00',5),(1521,37.32,'2023-06-08 00:00:00',7),(1522,1300.5,'2023-06-08 00:00:00',1),(1523,182.72,'2023-06-09 00:00:00',6),(1524,1408.5,'2023-06-09 00:00:00',3),(1525,1640.72,'2023-06-09 00:00:00',8),(1526,166.67,'2023-06-09 00:00:00',4),(1527,940.69,'2023-06-09 00:00:00',2),(1528,972.92,'2023-06-09 00:00:00',5),(1529,37.73,'2023-06-09 00:00:00',7),(1530,1306.1,'2023-06-09 00:00:00',1),(1531,181.78,'2023-06-12 00:00:00',6),(1532,1391.5,'2023-06-12 00:00:00',3),(1533,1628.47,'2023-06-12 00:00:00',8),(1534,165.19,'2023-06-12 00:00:00',4),(1535,928.81,'2023-06-12 00:00:00',2),(1536,963.75,'2023-06-12 00:00:00',5),(1537,37.42,'2023-06-12 00:00:00',7),(1538,1294.9,'2023-06-12 00:00:00',1),(1539,180.59,'2023-06-13 00:00:00',6),(1540,1389.55,'2023-06-13 00:00:00',3),(1541,1615.75,'2023-06-13 00:00:00',8),(1542,164.78,'2023-06-13 00:00:00',4),(1543,925.75,'2023-06-13 00:00:00',2),(1544,961.03,'2023-06-13 00:00:00',5),(1545,37.26,'2023-06-13 00:00:00',7),(1546,1291.1,'2023-06-13 00:00:00',1),(1547,178.19,'2023-06-14 00:00:00',6),(1548,1378.55,'2023-06-14 00:00:00',3),(1549,1610.8,'2023-06-14 00:00:00',8),(1550,163.08,'2023-06-14 00:00:00',4),(1551,911.49,'2023-06-14 00:00:00',2),(1552,951.76,'2023-06-14 00:00:00',5),(1553,36.85,'2023-06-14 00:00:00',7),(1554,1277.5,'2023-06-14 00:00:00',1),(1555,177.98,'2023-06-15 00:00:00',6),(1556,1382.18,'2023-06-15 00:00:00',3),(1557,1615.67,'2023-06-15 00:00:00',8),(1558,162.94,'2023-06-15 00:00:00',4),(1559,911,'2023-06-15 00:00:00',2),(1560,951.21,'2023-06-15 00:00:00',5),(1561,36.76,'2023-06-15 00:00:00',7),(1562,1275.9,'2023-06-15 00:00:00',1),(1563,178.67,'2023-06-16 00:00:00',6),(1564,1401.84,'2023-06-16 00:00:00',3),(1565,1637.25,'2023-06-16 00:00:00',8),(1566,163.66,'2023-06-16 00:00:00',4),(1567,913.48,'2023-06-16 00:00:00',2),(1568,958.05,'2023-06-16 00:00:00',5),(1569,37,'2023-06-16 00:00:00',7),(1570,1280.1,'2023-06-16 00:00:00',1),(1571,178.66,'2023-06-19 00:00:00',6),(1572,1393.53,'2023-06-19 00:00:00',3),(1573,1634.03,'2023-06-19 00:00:00',8),(1574,162.84,'2023-06-19 00:00:00',4),(1575,897.49,'2023-06-19 00:00:00',2),(1576,952.26,'2023-06-19 00:00:00',5),(1577,36.72,'2023-06-19 00:00:00',7),(1578,1273.5,'2023-06-19 00:00:00',1),(1579,179.46,'2023-06-20 00:00:00',6),(1580,1398.84,'2023-06-20 00:00:00',3),(1581,1639.36,'2023-06-20 00:00:00',8),(1582,163.85,'2023-06-20 00:00:00',4),(1583,902.31,'2023-06-20 00:00:00',2),(1584,955.28,'2023-06-20 00:00:00',5),(1585,36.84,'2023-06-20 00:00:00',7),(1586,1280.7,'2023-06-20 00:00:00',1),(1587,178.29,'2023-06-21 00:00:00',6),(1588,1400.35,'2023-06-21 00:00:00',3),(1589,1636.6,'2023-06-21 00:00:00',8),(1590,163.85,'2023-06-21 00:00:00',4),(1591,907.46,'2023-06-21 00:00:00',2),(1592,954.62,'2023-06-21 00:00:00',5),(1593,36.8,'2023-06-21 00:00:00',7),(1594,1282.2,'2023-06-21 00:00:00',1),(1595,179.54,'2023-06-22 00:00:00',6),(1596,1419.68,'2023-06-22 00:00:00',3),(1597,1649.5,'2023-06-22 00:00:00',8),(1598,164.98,'2023-06-22 00:00:00',4),(1599,911.5,'2023-06-22 00:00:00',2),(1600,963.84,'2023-06-22 00:00:00',5),(1601,37.14,'2023-06-22 00:00:00',7),(1602,1291.5,'2023-06-22 00:00:00',1),(1603,179.71,'2023-06-23 00:00:00',6),(1604,1414.79,'2023-06-23 00:00:00',3),(1605,1646.15,'2023-06-23 00:00:00',8),(1606,164.92,'2023-06-23 00:00:00',4),(1607,902.67,'2023-06-23 00:00:00',2),(1608,960.29,'2023-06-23 00:00:00',5),(1609,36.74,'2023-06-23 00:00:00',7),(1610,1291.4,'2023-06-23 00:00:00',1),(1611,180.57,'2023-06-26 00:00:00',6),(1612,1419.85,'2023-06-26 00:00:00',3),(1613,1656.59,'2023-06-26 00:00:00',8),(1614,166.3,'2023-06-26 00:00:00',4),(1615,907.01,'2023-06-26 00:00:00',2),(1616,963.13,'2023-06-26 00:00:00',5),(1617,36.96,'2023-06-26 00:00:00',7),(1618,1302.2,'2023-06-26 00:00:00',1),(1619,180.66,'2023-06-27 00:00:00',6),(1620,1422.45,'2023-06-27 00:00:00',3),(1621,1657.59,'2023-06-27 00:00:00',8),(1622,166.51,'2023-06-27 00:00:00',4),(1623,909.11,'2023-06-27 00:00:00',2),(1624,963.32,'2023-06-27 00:00:00',5),(1625,37.02,'2023-06-27 00:00:00',7),(1626,1303.8,'2023-06-27 00:00:00',1),(1627,180.45,'2023-06-28 00:00:00',6),(1628,1427.94,'2023-06-28 00:00:00',3),(1629,1661.13,'2023-06-28 00:00:00',8),(1630,166.35,'2023-06-28 00:00:00',4),(1631,905.34,'2023-06-28 00:00:00',2),(1632,965.72,'2023-06-28 00:00:00',5),(1633,36.95,'2023-06-28 00:00:00',7),(1634,1303.1,'2023-06-28 00:00:00',1),(1635,180.28,'2023-06-29 00:00:00',6),(1636,1423.84,'2023-06-29 00:00:00',3),(1637,1648.64,'2023-06-29 00:00:00',8),(1638,166.52,'2023-06-29 00:00:00',4),(1639,903.35,'2023-06-29 00:00:00',2),(1640,964.22,'2023-06-29 00:00:00',5),(1641,36.65,'2023-06-29 00:00:00',7),(1642,1304.3,'2023-06-29 00:00:00',1),(1643,181.05,'2023-06-30 00:00:00',6),(1644,1426.55,'2023-06-30 00:00:00',3),(1645,1655.51,'2023-06-30 00:00:00',8),(1646,167.48,'2023-06-30 00:00:00',4),(1647,906.97,'2023-06-30 00:00:00',2),(1648,967.96,'2023-06-30 00:00:00',5),(1649,36.84,'2023-06-30 00:00:00',7),(1650,1312.8,'2023-06-30 00:00:00',1),(1651,181.77,'2023-07-03 00:00:00',6),(1652,1439.47,'2023-07-03 00:00:00',3),(1653,1675.37,'2023-07-03 00:00:00',8),(1654,168.36,'2023-07-03 00:00:00',4),(1655,913.87,'2023-07-03 00:00:00',2),(1656,975.56,'2023-07-03 00:00:00',5),(1657,37.39,'2023-07-03 00:00:00',7),(1658,1319.4,'2023-07-03 00:00:00',1),(1659,180.88,'2023-07-04 00:00:00',6),(1660,1429.8,'2023-07-04 00:00:00',3),(1661,1662.46,'2023-07-04 00:00:00',8),(1662,167.22,'2023-07-04 00:00:00',4),(1663,905.57,'2023-07-04 00:00:00',2),(1664,969.65,'2023-07-04 00:00:00',5),(1665,37.39,'2023-07-04 00:00:00',7),(1666,1310,'2023-07-04 00:00:00',1),(1667,179.53,'2023-07-05 00:00:00',6),(1668,1416.38,'2023-07-05 00:00:00',3),(1669,1654.85,'2023-07-05 00:00:00',8),(1670,166.22,'2023-07-05 00:00:00',4),(1671,900.92,'2023-07-05 00:00:00',2),(1672,964.62,'2023-07-05 00:00:00',5),(1673,37.32,'2023-07-05 00:00:00',7),(1674,1301.7,'2023-07-05 00:00:00',1),(1675,179.87,'2023-07-06 00:00:00',6),(1676,1411.89,'2023-07-06 00:00:00',3),(1677,1652.47,'2023-07-06 00:00:00',8),(1678,166.31,'2023-07-06 00:00:00',4),(1679,900.05,'2023-07-06 00:00:00',2),(1680,961.03,'2023-07-06 00:00:00',5),(1681,37.19,'2023-07-06 00:00:00',7),(1682,1300.8,'2023-07-06 00:00:00',1),(1683,179.44,'2023-07-07 00:00:00',6),(1684,1420.36,'2023-07-07 00:00:00',3),(1685,1661.69,'2023-07-07 00:00:00',8),(1686,166.68,'2023-07-07 00:00:00',4),(1687,905.51,'2023-07-07 00:00:00',2),(1688,963.74,'2023-07-07 00:00:00',5),(1689,37.08,'2023-07-07 00:00:00',7),(1690,1303.8,'2023-07-07 00:00:00',1),(1691,180.29,'2023-07-10 00:00:00',6),(1692,1433.39,'2023-07-10 00:00:00',3),(1693,1677.85,'2023-07-10 00:00:00',8),(1694,167.02,'2023-07-10 00:00:00',4),(1695,919.11,'2023-07-10 00:00:00',2),(1696,970.74,'2023-07-10 00:00:00',5),(1697,37.18,'2023-07-10 00:00:00',7),(1698,1307.3,'2023-07-10 00:00:00',1),(1699,180.16,'2023-07-11 00:00:00',6),(1700,1434.44,'2023-07-11 00:00:00',3),(1701,1677.21,'2023-07-11 00:00:00',8),(1702,166.56,'2023-07-11 00:00:00',4),(1703,922.82,'2023-07-11 00:00:00',2),(1704,969.84,'2023-07-11 00:00:00',5),(1705,37.17,'2023-07-11 00:00:00',7),(1706,1303.8,'2023-07-11 00:00:00',1),(1707,179.26,'2023-07-12 00:00:00',6),(1708,1426.12,'2023-07-12 00:00:00',3),(1709,1675.41,'2023-07-12 00:00:00',8),(1710,165.45,'2023-07-12 00:00:00',4),(1711,923.25,'2023-07-12 00:00:00',2),(1712,965.95,'2023-07-12 00:00:00',5),(1713,37.23,'2023-07-12 00:00:00',7),(1714,1295,'2023-07-12 00:00:00',1),(1715,179.43,'2023-07-13 00:00:00',6),(1716,1437.97,'2023-07-13 00:00:00',3),(1717,1677.72,'2023-07-13 00:00:00',8),(1718,165.02,'2023-07-13 00:00:00',4),(1719,932.92,'2023-07-13 00:00:00',2),(1720,970.9,'2023-07-13 00:00:00',5),(1721,37.25,'2023-07-13 00:00:00',7),(1722,1291.4,'2023-07-13 00:00:00',1),(1723,177.82,'2023-07-14 00:00:00',6),(1724,1432.66,'2023-07-14 00:00:00',3),(1725,1676.16,'2023-07-14 00:00:00',8),(1726,163.16,'2023-07-14 00:00:00',4),(1727,925.22,'2023-07-14 00:00:00',2),(1728,965.25,'2023-07-14 00:00:00',5),(1729,36.94,'2023-07-14 00:00:00',7),(1730,1276.2,'2023-07-14 00:00:00',1),(1731,177.15,'2023-07-17 00:00:00',6),(1732,1420.92,'2023-07-17 00:00:00',3),(1733,1656.68,'2023-07-17 00:00:00',8),(1734,161.97,'2023-07-17 00:00:00',4),(1735,911.99,'2023-07-17 00:00:00',2),(1736,957.6,'2023-07-17 00:00:00',5),(1737,36.48,'2023-07-17 00:00:00',7),(1738,1265.8,'2023-07-17 00:00:00',1),(1739,176.69,'2023-07-18 00:00:00',6),(1740,1423.1,'2023-07-18 00:00:00',3),(1741,1655.43,'2023-07-18 00:00:00',8),(1742,162.03,'2023-07-18 00:00:00',4),(1743,912.87,'2023-07-18 00:00:00',2),(1744,957.9,'2023-07-18 00:00:00',5),(1745,36.6,'2023-07-18 00:00:00',7),(1746,1266.1,'2023-07-18 00:00:00',1),(1747,175.66,'2023-07-19 00:00:00',6),(1748,1416.97,'2023-07-19 00:00:00',3),(1749,1644.75,'2023-07-19 00:00:00',8),(1750,161.47,'2023-07-19 00:00:00',4),(1751,908.31,'2023-07-19 00:00:00',2),(1752,953.88,'2023-07-19 00:00:00',5),(1753,37.04,'2023-07-19 00:00:00',7),(1754,1261.6,'2023-07-19 00:00:00',1),(1755,175.55,'2023-07-20 00:00:00',6),(1756,1417.63,'2023-07-20 00:00:00',3),(1757,1636.79,'2023-07-20 00:00:00',8),(1758,162.06,'2023-07-20 00:00:00',4),(1759,906.03,'2023-07-20 00:00:00',2),(1760,955.13,'2023-07-20 00:00:00',5),(1761,37.18,'2023-07-20 00:00:00',7),(1762,1265.4,'2023-07-20 00:00:00',1),(1763,175.97,'2023-07-21 00:00:00',6),(1764,1409.66,'2023-07-21 00:00:00',3),(1765,1629.4,'2023-07-21 00:00:00',8),(1766,162,'2023-07-21 00:00:00',4),(1767,904.37,'2023-07-21 00:00:00',2),(1768,953.95,'2023-07-21 00:00:00',5),(1769,37.01,'2023-07-21 00:00:00',7),(1770,1265.8,'2023-07-21 00:00:00',1),(1771,178.55,'2023-07-24 00:00:00',6),(1772,1426.4,'2023-07-24 00:00:00',3),(1773,1647.5,'2023-07-24 00:00:00',8),(1774,163.95,'2023-07-24 00:00:00',4),(1775,904.61,'2023-07-24 00:00:00',2),(1776,963.18,'2023-07-24 00:00:00',5),(1777,37.22,'2023-07-24 00:00:00',7),(1778,1281.7,'2023-07-24 00:00:00',1),(1779,178.3,'2023-07-25 00:00:00',6),(1780,1420.14,'2023-07-25 00:00:00',3),(1781,1645.45,'2023-07-25 00:00:00',8),(1782,164.31,'2023-07-25 00:00:00',4),(1783,907.12,'2023-07-25 00:00:00',2),(1784,963.78,'2023-07-25 00:00:00',5),(1785,37.17,'2023-07-25 00:00:00',7),(1786,1283.8,'2023-07-25 00:00:00',1),(1787,178.87,'2023-07-26 00:00:00',6),(1788,1415.37,'2023-07-26 00:00:00',3),(1789,1651.4,'2023-07-26 00:00:00',8),(1790,163.95,'2023-07-26 00:00:00',4),(1791,908.78,'2023-07-26 00:00:00',2),(1792,964.56,'2023-07-26 00:00:00',5),(1793,37.21,'2023-07-26 00:00:00',7),(1794,1280.7,'2023-07-26 00:00:00',1),(1795,178.64,'2023-07-27 00:00:00',6),(1796,1417.38,'2023-07-27 00:00:00',3),(1797,1653.49,'2023-07-27 00:00:00',8),(1798,163.91,'2023-07-27 00:00:00',4),(1799,910.59,'2023-07-27 00:00:00',2),(1800,964.66,'2023-07-27 00:00:00',5),(1801,37.37,'2023-07-27 00:00:00',7),(1802,1278.7,'2023-07-27 00:00:00',1),(1803,178.33,'2023-07-28 00:00:00',6),(1804,1397.94,'2023-07-28 00:00:00',3),(1805,1629.32,'2023-07-28 00:00:00',8),(1806,163.19,'2023-07-28 00:00:00',4),(1807,914.4,'2023-07-28 00:00:00',2),(1808,956.69,'2023-07-28 00:00:00',5),(1809,36.97,'2023-07-28 00:00:00',7),(1810,1273.4,'2023-07-28 00:00:00',1),(1811,178.49,'2023-07-31 00:00:00',6),(1812,1411.33,'2023-07-31 00:00:00',3),(1813,1645.38,'2023-07-31 00:00:00',8),(1814,164.18,'2023-07-31 00:00:00',4),(1815,908.28,'2023-07-31 00:00:00',2),(1816,961.18,'2023-07-31 00:00:00',5),(1817,37.37,'2023-07-31 00:00:00',7),(1818,1280,'2023-07-31 00:00:00',1),(1819,178.29,'2023-08-01 00:00:00',6),(1820,1401.12,'2023-08-01 00:00:00',3),(1821,1635.18,'2023-08-01 00:00:00',8),(1822,163.34,'2023-08-01 00:00:00',4),(1823,895.18,'2023-08-01 00:00:00',2),(1824,957.92,'2023-08-01 00:00:00',5),(1825,37.18,'2023-08-01 00:00:00',7),(1826,1273.8,'2023-08-01 00:00:00',1),(1827,178.63,'2023-08-02 00:00:00',6),(1828,1409.67,'2023-08-02 00:00:00',3),(1829,1637.82,'2023-08-02 00:00:00',8),(1830,164.31,'2023-08-02 00:00:00',4),(1831,896,'2023-08-02 00:00:00',2),(1832,959.29,'2023-08-02 00:00:00',5),(1833,37.31,'2023-08-02 00:00:00',7),(1834,1280.7,'2023-08-02 00:00:00',1),(1835,179.95,'2023-08-03 00:00:00',6),(1836,1415.06,'2023-08-03 00:00:00',3),(1837,1644.18,'2023-08-03 00:00:00',8),(1838,165.74,'2023-08-03 00:00:00',4),(1839,902.78,'2023-08-03 00:00:00',2),(1840,963.99,'2023-08-03 00:00:00',5),(1841,37.51,'2023-08-03 00:00:00',7),(1842,1293,'2023-08-03 00:00:00',1),(1843,180.47,'2023-08-04 00:00:00',6),(1844,1422.45,'2023-08-04 00:00:00',3),(1845,1651.1,'2023-08-04 00:00:00',8),(1846,166.35,'2023-08-04 00:00:00',4),(1847,911.02,'2023-08-04 00:00:00',2),(1848,968.57,'2023-08-04 00:00:00',5),(1849,37.59,'2023-08-04 00:00:00',7),(1850,1298.8,'2023-08-04 00:00:00',1),(1851,181.53,'2023-08-07 00:00:00',6),(1852,1434.68,'2023-08-07 00:00:00',3),(1853,1662.47,'2023-08-07 00:00:00',8),(1854,166.93,'2023-08-07 00:00:00',4),(1855,919.05,'2023-08-07 00:00:00',2),(1856,973.24,'2023-08-07 00:00:00',5),(1857,37.58,'2023-08-07 00:00:00',7),(1858,1303.9,'2023-08-07 00:00:00',1),(1859,181.16,'2023-08-08 00:00:00',6),(1860,1434.97,'2023-08-08 00:00:00',3),(1861,1666.77,'2023-08-08 00:00:00',8),(1862,167.04,'2023-08-08 00:00:00',4),(1863,915.58,'2023-08-08 00:00:00',2),(1864,972.52,'2023-08-08 00:00:00',5),(1865,37.42,'2023-08-08 00:00:00',7),(1866,1304.1,'2023-08-08 00:00:00',1),(1867,181.9,'2023-08-09 00:00:00',6),(1868,1437.95,'2023-08-09 00:00:00',3),(1869,1672.71,'2023-08-09 00:00:00',8),(1870,167.98,'2023-08-09 00:00:00',4),(1871,916.08,'2023-08-09 00:00:00',2),(1872,973.88,'2023-08-09 00:00:00',5),(1873,37.48,'2023-08-09 00:00:00',7),(1874,1312.6,'2023-08-09 00:00:00',1),(1875,182.64,'2023-08-10 00:00:00',6),(1876,1446.97,'2023-08-10 00:00:00',3),(1877,1676.68,'2023-08-10 00:00:00',8),(1878,168.56,'2023-08-10 00:00:00',4),(1879,917.49,'2023-08-10 00:00:00',2),(1880,979.27,'2023-08-10 00:00:00',5),(1881,37.59,'2023-08-10 00:00:00',7),(1882,1318.3,'2023-08-10 00:00:00',1),(1883,182.32,'2023-08-11 00:00:00',6),(1884,1446.72,'2023-08-11 00:00:00',3),(1885,1669.22,'2023-08-11 00:00:00',8),(1886,168.46,'2023-08-11 00:00:00',4),(1887,909.77,'2023-08-11 00:00:00',2),(1888,976.25,'2023-08-11 00:00:00',5),(1889,37.5,'2023-08-11 00:00:00',7),(1890,1317.3,'2023-08-11 00:00:00',1),(1891,182.59,'2023-08-14 00:00:00',6),(1892,1445.68,'2023-08-14 00:00:00',3),(1893,1676.48,'2023-08-14 00:00:00',8),(1894,168.98,'2023-08-14 00:00:00',4),(1895,911.7,'2023-08-14 00:00:00',2),(1896,976.42,'2023-08-14 00:00:00',5),(1897,37.64,'2023-08-14 00:00:00',7),(1898,1321.1,'2023-08-14 00:00:00',1),(1899,183.28,'2023-08-16 00:00:00',6),(1900,1451.52,'2023-08-16 00:00:00',3),(1901,1690.75,'2023-08-16 00:00:00',8),(1902,170.16,'2023-08-16 00:00:00',4),(1903,914.26,'2023-08-16 00:00:00',2),(1904,980.01,'2023-08-16 00:00:00',5),(1905,37.61,'2023-08-16 00:00:00',7),(1906,1331.3,'2023-08-16 00:00:00',1),(1907,182.83,'2023-08-17 00:00:00',6),(1908,1455.87,'2023-08-17 00:00:00',3),(1909,1703.79,'2023-08-17 00:00:00',8),(1910,170.89,'2023-08-17 00:00:00',4),(1911,914.8,'2023-08-17 00:00:00',2),(1912,984.23,'2023-08-17 00:00:00',5),(1913,37.72,'2023-08-17 00:00:00',7),(1914,1338.3,'2023-08-17 00:00:00',1),(1915,182.8,'2023-08-18 00:00:00',6),(1916,1458.79,'2023-08-18 00:00:00',3),(1917,1709.94,'2023-08-18 00:00:00',8),(1918,171.34,'2023-08-18 00:00:00',4),(1919,920.76,'2023-08-18 00:00:00',2),(1920,987.67,'2023-08-18 00:00:00',5),(1921,37.77,'2023-08-18 00:00:00',7),(1922,1341.6,'2023-08-18 00:00:00',1),(1923,183.27,'2023-08-21 00:00:00',6),(1924,1453.54,'2023-08-21 00:00:00',3),(1925,1702.68,'2023-08-21 00:00:00',8),(1926,170.68,'2023-08-21 00:00:00',4),(1927,919.75,'2023-08-21 00:00:00',2),(1928,984.93,'2023-08-21 00:00:00',5),(1929,37.78,'2023-08-21 00:00:00',7),(1930,1336.9,'2023-08-21 00:00:00',1),(1931,183.13,'2023-08-22 00:00:00',6),(1932,1461.83,'2023-08-22 00:00:00',3),(1933,1711.75,'2023-08-22 00:00:00',8),(1934,171.13,'2023-08-22 00:00:00',4),(1935,917.48,'2023-08-22 00:00:00',2),(1936,988.18,'2023-08-22 00:00:00',5),(1937,38.11,'2023-08-22 00:00:00',7),(1938,1341.5,'2023-08-22 00:00:00',1),(1939,183.37,'2023-08-23 00:00:00',6),(1940,1452.02,'2023-08-23 00:00:00',3),(1941,1704.23,'2023-08-23 00:00:00',8),(1942,170.8,'2023-08-23 00:00:00',4),(1943,918.05,'2023-08-23 00:00:00',2),(1944,986.04,'2023-08-23 00:00:00',5),(1945,38.2,'2023-08-23 00:00:00',7),(1946,1338.7,'2023-08-23 00:00:00',1),(1947,183.29,'2023-08-24 00:00:00',6),(1948,1453.6,'2023-08-24 00:00:00',3),(1949,1701.74,'2023-08-24 00:00:00',8),(1950,170.65,'2023-08-24 00:00:00',4),(1951,924.38,'2023-08-24 00:00:00',2),(1952,989.32,'2023-08-24 00:00:00',5),(1953,38.28,'2023-08-24 00:00:00',7),(1954,1338,'2023-08-24 00:00:00',1),(1955,181.54,'2023-08-25 00:00:00',6),(1956,1429.52,'2023-08-25 00:00:00',3),(1957,1666.78,'2023-08-25 00:00:00',8),(1958,168.85,'2023-08-25 00:00:00',4),(1959,906.88,'2023-08-25 00:00:00',2),(1960,975.83,'2023-08-25 00:00:00',5),(1961,37.8,'2023-08-25 00:00:00',7),(1962,1324,'2023-08-25 00:00:00',1),(1963,182.1,'2023-08-28 00:00:00',6),(1964,1431.93,'2023-08-28 00:00:00',3),(1965,1668.86,'2023-08-28 00:00:00',8),(1966,169.13,'2023-08-28 00:00:00',4),(1967,905,'2023-08-28 00:00:00',2),(1968,978.25,'2023-08-28 00:00:00',5),(1969,37.77,'2023-08-28 00:00:00',7),(1970,1326.6,'2023-08-28 00:00:00',1),(1971,181.65,'2023-08-29 00:00:00',6),(1972,1431.8,'2023-08-29 00:00:00',3),(1973,1667.67,'2023-08-29 00:00:00',8),(1974,168.56,'2023-08-29 00:00:00',4),(1975,903.13,'2023-08-29 00:00:00',2),(1976,975.76,'2023-08-29 00:00:00',5),(1977,37.53,'2023-08-29 00:00:00',7),(1978,1322.5,'2023-08-29 00:00:00',1),(1979,181.34,'2023-08-30 00:00:00',6),(1980,1438.86,'2023-08-30 00:00:00',3),(1981,1672.26,'2023-08-30 00:00:00',8),(1982,168.48,'2023-08-30 00:00:00',4),(1983,906.69,'2023-08-30 00:00:00',2),(1984,979.73,'2023-08-30 00:00:00',5),(1985,37.74,'2023-08-30 00:00:00',7),(1986,1322,'2023-08-30 00:00:00',1),(1987,181.09,'2023-08-31 00:00:00',6),(1988,1444.36,'2023-08-31 00:00:00',3),(1989,1681.15,'2023-08-31 00:00:00',8),(1990,168.41,'2023-08-31 00:00:00',4),(1991,905.07,'2023-08-31 00:00:00',2),(1992,978.96,'2023-08-31 00:00:00',5),(1993,37.73,'2023-08-31 00:00:00',7),(1994,1321.4,'2023-08-31 00:00:00',1),(1995,181.35,'2023-09-01 00:00:00',6),(1996,1433.77,'2023-09-01 00:00:00',3),(1997,1675.68,'2023-09-01 00:00:00',8),(1998,168.6,'2023-09-01 00:00:00',4),(1999,908.64,'2023-09-01 00:00:00',2),(2000,978.5,'2023-09-01 00:00:00',5),(2001,37.76,'2023-09-01 00:00:00',7),(2002,1322.3,'2023-09-01 00:00:00',1),(2003,181.77,'2023-09-04 00:00:00',6),(2004,1421.64,'2023-09-04 00:00:00',3),(2005,1660.74,'2023-09-04 00:00:00',8),(2006,168.14,'2023-09-04 00:00:00',4),(2007,902.94,'2023-09-04 00:00:00',2),(2008,974.05,'2023-09-04 00:00:00',5),(2009,37.57,'2023-09-04 00:00:00',7),(2010,1319.2,'2023-09-04 00:00:00',1),(2011,181.37,'2023-09-05 00:00:00',6),(2012,1424.25,'2023-09-05 00:00:00',3),(2013,1666.08,'2023-09-05 00:00:00',8),(2014,168.39,'2023-09-05 00:00:00',4),(2015,900.45,'2023-09-05 00:00:00',2),(2016,973.65,'2023-09-05 00:00:00',5),(2017,37.45,'2023-09-05 00:00:00',7),(2018,1319.3,'2023-09-05 00:00:00',1),(2019,181.65,'2023-09-06 00:00:00',6),(2020,1420.44,'2023-09-06 00:00:00',3),(2021,1664.65,'2023-09-06 00:00:00',8),(2022,168.89,'2023-09-06 00:00:00',4),(2023,897.86,'2023-09-06 00:00:00',2),(2024,973,'2023-09-06 00:00:00',5),(2025,37.35,'2023-09-06 00:00:00',7),(2026,1324.3,'2023-09-06 00:00:00',1),(2027,182.04,'2023-09-07 00:00:00',6),(2028,1429.08,'2023-09-07 00:00:00',3),(2029,1665.55,'2023-09-07 00:00:00',8),(2030,169.92,'2023-09-07 00:00:00',4),(2031,902.63,'2023-09-07 00:00:00',2),(2032,977.09,'2023-09-07 00:00:00',5),(2033,37.49,'2023-09-07 00:00:00',7),(2034,1332.6,'2023-09-07 00:00:00',1),(2035,182.02,'2023-09-08 00:00:00',6),(2036,1427.6,'2023-09-08 00:00:00',3),(2037,1664.3,'2023-09-08 00:00:00',8),(2038,170.26,'2023-09-08 00:00:00',4),(2039,906.2,'2023-09-08 00:00:00',2),(2040,977.19,'2023-09-08 00:00:00',5),(2041,37.47,'2023-09-08 00:00:00',7),(2042,1334.7,'2023-09-08 00:00:00',1),(2043,181.35,'2023-09-11 00:00:00',6),(2044,1427.94,'2023-09-11 00:00:00',3),(2045,1663.68,'2023-09-11 00:00:00',8),(2046,170.06,'2023-09-11 00:00:00',4),(2047,905.75,'2023-09-11 00:00:00',2),(2048,976.6,'2023-09-11 00:00:00',5),(2049,37.47,'2023-09-11 00:00:00',7),(2050,1333.4,'2023-09-11 00:00:00',1),(2051,181.82,'2023-09-12 00:00:00',6),(2052,1432.46,'2023-09-12 00:00:00',3),(2053,1667.17,'2023-09-12 00:00:00',8),(2054,170.11,'2023-09-12 00:00:00',4),(2055,909.08,'2023-09-12 00:00:00',2),(2056,979.38,'2023-09-12 00:00:00',5),(2057,37.55,'2023-09-12 00:00:00',7),(2058,1332.4,'2023-09-12 00:00:00',1),(2059,181.46,'2023-09-13 00:00:00',6),(2060,1426.35,'2023-09-13 00:00:00',3),(2061,1656.76,'2023-09-13 00:00:00',8),(2062,169.42,'2023-09-13 00:00:00',4),(2063,901.59,'2023-09-13 00:00:00',2),(2064,974.61,'2023-09-13 00:00:00',5),(2065,37.24,'2023-09-13 00:00:00',7),(2066,1326.1,'2023-09-13 00:00:00',1),(2067,181.9,'2023-09-14 00:00:00',6),(2068,1425.06,'2023-09-14 00:00:00',3),(2069,1658.42,'2023-09-14 00:00:00',8),(2070,169.67,'2023-09-14 00:00:00',4),(2071,901.18,'2023-09-14 00:00:00',2),(2072,975.57,'2023-09-14 00:00:00',5),(2073,37.14,'2023-09-14 00:00:00',7),(2074,1327.8,'2023-09-14 00:00:00',1),(2075,182.26,'2023-09-15 00:00:00',6),(2076,1410.84,'2023-09-15 00:00:00',3),(2077,1645.29,'2023-09-15 00:00:00',8),(2078,169.4,'2023-09-15 00:00:00',4),(2079,899.08,'2023-09-15 00:00:00',2),(2080,972.46,'2023-09-15 00:00:00',5),(2081,37.05,'2023-09-15 00:00:00',7),(2082,1326.1,'2023-09-15 00:00:00',1),(2083,182.58,'2023-09-18 00:00:00',6),(2084,1415.75,'2023-09-18 00:00:00',3),(2085,1645.16,'2023-09-18 00:00:00',8),(2086,169.62,'2023-09-18 00:00:00',4),(2087,897.91,'2023-09-18 00:00:00',2),(2088,973.78,'2023-09-18 00:00:00',5),(2089,37.15,'2023-09-18 00:00:00',7),(2090,1327.6,'2023-09-18 00:00:00',1),(2091,182.06,'2023-09-19 00:00:00',6),(2092,1417.76,'2023-09-19 00:00:00',3),(2093,1642.25,'2023-09-19 00:00:00',8),(2094,169.6,'2023-09-19 00:00:00',4),(2095,898.34,'2023-09-19 00:00:00',2),(2096,972.53,'2023-09-19 00:00:00',5),(2097,37.17,'2023-09-19 00:00:00',7),(2098,1326,'2023-09-19 00:00:00',1),(2099,181.28,'2023-09-20 00:00:00',6),(2100,1414.11,'2023-09-20 00:00:00',3),(2101,1640.59,'2023-09-20 00:00:00',8),(2102,169.27,'2023-09-20 00:00:00',4),(2103,896.18,'2023-09-20 00:00:00',2),(2104,970.06,'2023-09-20 00:00:00',5),(2105,36.75,'2023-09-20 00:00:00',7),(2106,1323.7,'2023-09-20 00:00:00',1),(2107,181.86,'2023-09-21 00:00:00',6),(2108,1415.97,'2023-09-21 00:00:00',3),(2109,1639.43,'2023-09-21 00:00:00',8),(2110,169.92,'2023-09-21 00:00:00',4),(2111,896.45,'2023-09-21 00:00:00',2),(2112,973.17,'2023-09-21 00:00:00',5),(2113,36.75,'2023-09-21 00:00:00',7),(2114,1329.3,'2023-09-21 00:00:00',1),(2115,183.35,'2023-09-22 00:00:00',6),(2116,1427.61,'2023-09-22 00:00:00',3),(2117,1645.95,'2023-09-22 00:00:00',8),(2118,171.22,'2023-09-22 00:00:00',4),(2119,907.34,'2023-09-22 00:00:00',2),(2120,979.77,'2023-09-22 00:00:00',5),(2121,37.06,'2023-09-22 00:00:00',7),(2122,1339.1,'2023-09-22 00:00:00',1),(2123,183.16,'2023-09-25 00:00:00',6),(2124,1424.34,'2023-09-25 00:00:00',3),(2125,1637.62,'2023-09-25 00:00:00',8),(2126,171.05,'2023-09-25 00:00:00',4),(2127,901.32,'2023-09-25 00:00:00',2),(2128,979.14,'2023-09-25 00:00:00',5),(2129,37.18,'2023-09-25 00:00:00',7),(2130,1337.6,'2023-09-25 00:00:00',1),(2131,1350.5,'2023-09-26 00:00:00',1),(2132,184.74,'2023-09-26 00:00:00',6),(2133,987.75,'2023-09-26 00:00:00',5),(2134,907.26,'2023-09-26 00:00:00',2),(2135,1431.26,'2023-09-26 00:00:00',3),(2136,172.71,'2023-09-26 00:00:00',4),(2137,37.17,'2023-09-26 00:00:00',7),(2138,1646.12,'2023-09-26 00:00:00',8),(2139,1354,'2023-09-27 00:00:00',1),(2140,184.99,'2023-09-27 00:00:00',6),(2141,986.84,'2023-09-27 00:00:00',5),(2142,906.26,'2023-09-27 00:00:00',2),(2143,1423.73,'2023-09-27 00:00:00',3),(2144,173.13,'2023-09-27 00:00:00',4),(2145,36.95,'2023-09-27 00:00:00',7),(2146,1643.62,'2023-09-27 00:00:00',8),(2147,1357,'2023-09-28 00:00:00',1),(2148,185.33,'2023-09-28 00:00:00',6),(2149,988.53,'2023-09-28 00:00:00',5),(2150,906.93,'2023-09-28 00:00:00',2),(2151,1425.46,'2023-09-28 00:00:00',3),(2152,173.51,'2023-09-28 00:00:00',4),(2153,37.02,'2023-09-28 00:00:00',7),(2154,1646.79,'2023-09-28 00:00:00',8),(2155,1351,'2023-09-29 00:00:00',1),(2156,185.25,'2023-09-29 00:00:00',6),(2157,990.14,'2023-09-29 00:00:00',5),(2158,904.92,'2023-09-29 00:00:00',2),(2159,1429.09,'2023-09-29 00:00:00',3),(2160,172.51,'2023-09-29 00:00:00',4),(2161,36.97,'2023-09-29 00:00:00',7),(2162,1647.81,'2023-09-29 00:00:00',8),(2163,1358.5,'2023-10-02 00:00:00',1),(2164,185.75,'2023-10-02 00:00:00',6),(2165,989.04,'2023-10-02 00:00:00',5),(2166,906.72,'2023-10-02 00:00:00',2),(2167,1425.75,'2023-10-02 00:00:00',3),(2168,173.44,'2023-10-02 00:00:00',4),(2169,36.74,'2023-10-02 00:00:00',7),(2170,1647.32,'2023-10-02 00:00:00',8),(2171,192.37,'2022-08-01 00:00:00',6),(2172,1326.78,'2022-08-01 00:00:00',3),(2173,1580.59,'2022-08-01 00:00:00',8),(2174,165.44,'2022-08-01 00:00:00',4),(2175,973.43,'2022-08-01 00:00:00',2),(2176,939.92,'2022-08-01 00:00:00',5),(2177,35.8,'2022-08-01 00:00:00',7),(2178,1298.6,'2022-08-01 00:00:00',1),(2179,193.14,'2022-08-02 00:00:00',6),(2180,1341.22,'2022-08-02 00:00:00',3),(2181,1601.45,'2022-08-02 00:00:00',8),(2182,166.42,'2022-08-02 00:00:00',4),(2183,993.08,'2022-08-02 00:00:00',2),(2184,949.18,'2022-08-02 00:00:00',5),(2185,36.16,'2022-08-02 00:00:00',7),(2186,1306.4,'2022-08-02 00:00:00',1),(2187,192.67,'2022-08-03 00:00:00',6),(2188,1328.77,'2022-08-03 00:00:00',3),(2189,1589.56,'2022-08-03 00:00:00',8),(2190,166.53,'2022-08-03 00:00:00',4),(2191,981.57,'2022-08-03 00:00:00',2),(2192,944.88,'2022-08-03 00:00:00',5),(2193,36.08,'2022-08-03 00:00:00',7),(2194,1307.2,'2022-08-03 00:00:00',1),(2195,193.71,'2022-08-04 00:00:00',6),(2196,1331.6,'2022-08-04 00:00:00',3),(2197,1591.08,'2022-08-04 00:00:00',8),(2198,166.96,'2022-08-04 00:00:00',4),(2199,977.66,'2022-08-04 00:00:00',2),(2200,949.19,'2022-08-04 00:00:00',5),(2201,36.15,'2022-08-04 00:00:00',7),(2202,1310.5,'2022-08-04 00:00:00',1),(2203,193.83,'2022-08-05 00:00:00',6),(2204,1342.44,'2022-08-05 00:00:00',3),(2205,1592.99,'2022-08-05 00:00:00',8),(2206,166.85,'2022-08-05 00:00:00',4),(2207,986.22,'2022-08-05 00:00:00',2),(2208,951.78,'2022-08-05 00:00:00',5),(2209,36.56,'2022-08-05 00:00:00',7),(2210,1309.7,'2022-08-05 00:00:00',1),(2211,192.2,'2022-08-08 00:00:00',6),(2212,1322.04,'2022-08-08 00:00:00',3),(2213,1567.22,'2022-08-08 00:00:00',8),(2214,165.52,'2022-08-08 00:00:00',4),(2215,961.91,'2022-08-08 00:00:00',2),(2216,940.36,'2022-08-08 00:00:00',5),(2217,36.33,'2022-08-08 00:00:00',7),(2218,1299.3,'2022-08-08 00:00:00',1),(2219,192.73,'2022-08-09 00:00:00',6),(2220,1330.5,'2022-08-09 00:00:00',3),(2221,1576.72,'2022-08-09 00:00:00',8),(2222,166.22,'2022-08-09 00:00:00',4),(2223,967.06,'2022-08-09 00:00:00',2),(2224,946.57,'2022-08-09 00:00:00',5),(2225,36.66,'2022-08-09 00:00:00',7),(2226,1304.8,'2022-08-09 00:00:00',1),(2227,193.09,'2022-08-10 00:00:00',6),(2228,1332.31,'2022-08-10 00:00:00',3),(2229,1575.84,'2022-08-10 00:00:00',8),(2230,166.26,'2022-08-10 00:00:00',4),(2231,965.77,'2022-08-10 00:00:00',2),(2232,946.38,'2022-08-10 00:00:00',5),(2233,36.91,'2022-08-10 00:00:00',7),(2234,1305.1,'2022-08-10 00:00:00',1),(2235,193.55,'2022-08-11 00:00:00',6),(2236,1348.57,'2022-08-11 00:00:00',3),(2237,1599.26,'2022-08-11 00:00:00',8),(2238,166.84,'2022-08-11 00:00:00',4),(2239,985.29,'2022-08-11 00:00:00',2),(2240,956.35,'2022-08-11 00:00:00',5),(2241,37.04,'2022-08-11 00:00:00',7),(2242,1309.1,'2022-08-11 00:00:00',1),(2243,193.28,'2022-08-12 00:00:00',6),(2244,1344.51,'2022-08-12 00:00:00',3),(2245,1588.66,'2022-08-12 00:00:00',8),(2246,166.06,'2022-08-12 00:00:00',4),(2247,979.21,'2022-08-12 00:00:00',2),(2248,950.76,'2022-08-12 00:00:00',5),(2249,36.99,'2022-08-12 00:00:00',7),(2250,1302.5,'2022-08-12 00:00:00',1),(2251,193.31,'2022-08-16 00:00:00',6),(2252,1324.34,'2022-08-16 00:00:00',3),(2253,1571.08,'2022-08-16 00:00:00',8),(2254,166.26,'2022-08-16 00:00:00',4),(2255,979.22,'2022-08-16 00:00:00',2),(2256,945.41,'2022-08-16 00:00:00',5),(2257,36.67,'2022-08-16 00:00:00',7),(2258,1303.1,'2022-08-16 00:00:00',1),(2259,192.58,'2022-08-17 00:00:00',6),(2260,1332.13,'2022-08-17 00:00:00',3),(2261,1584.62,'2022-08-17 00:00:00',8),(2262,167.01,'2022-08-17 00:00:00',4),(2263,975.46,'2022-08-17 00:00:00',2),(2264,949.95,'2022-08-17 00:00:00',5),(2265,36.99,'2022-08-17 00:00:00',7),(2266,1309.6,'2022-08-17 00:00:00',1),(2267,192.92,'2022-08-18 00:00:00',6),(2268,1332.98,'2022-08-18 00:00:00',3),(2269,1578.24,'2022-08-18 00:00:00',8),(2270,167,'2022-08-18 00:00:00',4),(2271,969.32,'2022-08-18 00:00:00',2),(2272,948,'2022-08-18 00:00:00',5),(2273,36.92,'2022-08-18 00:00:00',7),(2274,1309.8,'2022-08-18 00:00:00',1),(2275,193.81,'2022-08-19 00:00:00',6),(2276,1328.76,'2022-08-19 00:00:00',3),(2277,1571.87,'2022-08-19 00:00:00',8),(2278,167.93,'2022-08-19 00:00:00',4),(2279,969.71,'2022-08-19 00:00:00',2),(2280,950.47,'2022-08-19 00:00:00',5),(2281,36.96,'2022-08-19 00:00:00',7),(2282,1317.3,'2022-08-19 00:00:00',1),(2283,194.51,'2022-08-22 00:00:00',6),(2284,1331.48,'2022-08-22 00:00:00',3),(2285,1568.42,'2022-08-22 00:00:00',8),(2286,169.1,'2022-08-22 00:00:00',4),(2287,968.75,'2022-08-22 00:00:00',2),(2288,953.09,'2022-08-22 00:00:00',5),(2289,37.09,'2022-08-22 00:00:00',7),(2290,1326.7,'2022-08-22 00:00:00',1),(2291,195.57,'2022-08-23 00:00:00',6),(2292,1330.3,'2022-08-23 00:00:00',3),(2293,1574.79,'2022-08-23 00:00:00',8),(2294,170.55,'2022-08-23 00:00:00',4),(2295,973.34,'2022-08-23 00:00:00',2),(2296,957.64,'2022-08-23 00:00:00',5),(2297,37.04,'2022-08-23 00:00:00',7),(2298,1338.2,'2022-08-23 00:00:00',1),(2299,195.32,'2022-08-24 00:00:00',6),(2300,1338.18,'2022-08-24 00:00:00',3),(2301,1588.15,'2022-08-24 00:00:00',8),(2302,171,'2022-08-24 00:00:00',4),(2303,981.82,'2022-08-24 00:00:00',2),(2304,963.66,'2022-08-24 00:00:00',5),(2305,37.21,'2022-08-24 00:00:00',7),(2306,1341.8,'2022-08-24 00:00:00',1),(2307,195.27,'2022-08-25 00:00:00',6),(2308,1336.84,'2022-08-25 00:00:00',3),(2309,1581.44,'2022-08-25 00:00:00',8),(2310,170.97,'2022-08-25 00:00:00',4),(2311,978.09,'2022-08-25 00:00:00',2),(2312,962.16,'2022-08-25 00:00:00',5),(2313,37.16,'2022-08-25 00:00:00',7),(2314,1341.4,'2022-08-25 00:00:00',1),(2315,194.73,'2022-08-26 00:00:00',6),(2316,1333.02,'2022-08-26 00:00:00',3),(2317,1581.69,'2022-08-26 00:00:00',8),(2318,170.38,'2022-08-26 00:00:00',4),(2319,978.95,'2022-08-26 00:00:00',2),(2320,962.35,'2022-08-26 00:00:00',5),(2321,37.3,'2022-08-26 00:00:00',7),(2322,1336.9,'2022-08-26 00:00:00',1),(2323,194.2,'2022-08-29 00:00:00',6),(2324,1325.3,'2022-08-29 00:00:00',3),(2325,1560.22,'2022-08-29 00:00:00',8),(2326,169.82,'2022-08-29 00:00:00',4),(2327,965.89,'2022-08-29 00:00:00',2),(2328,954.21,'2022-08-29 00:00:00',5),(2329,36.77,'2022-08-29 00:00:00',7),(2330,1332.5,'2022-08-29 00:00:00',1),(2331,194.85,'2022-08-30 00:00:00',6),(2332,1347.43,'2022-08-30 00:00:00',3),(2333,1577.62,'2022-08-30 00:00:00',8),(2334,171.74,'2022-08-30 00:00:00',4),(2335,971.35,'2022-08-30 00:00:00',2),(2336,965.71,'2022-08-30 00:00:00',5),(2337,37.07,'2022-08-30 00:00:00',7),(2338,1347.7,'2022-08-30 00:00:00',1),(2339,194.84,'2022-08-31 00:00:00',6),(2340,1350.26,'2022-08-31 00:00:00',3),(2341,1570.65,'2022-08-31 00:00:00',8),(2342,171.68,'2022-08-31 00:00:00',4),(2343,970.65,'2022-08-31 00:00:00',2),(2344,963.84,'2022-08-31 00:00:00',5),(2345,36.95,'2022-08-31 00:00:00',7),(2346,1347.5,'2022-08-31 00:00:00',1),(2347,193.89,'2022-07-01 00:00:00',6),(2348,1361.87,'2022-07-01 00:00:00',3),(2349,1581.14,'2022-07-01 00:00:00',8),(2350,165.64,'2022-07-01 00:00:00',4),(2351,957.18,'2022-07-01 00:00:00',2),(2352,935.01,'2022-07-01 00:00:00',5),(2353,36.81,'2022-07-01 00:00:00',7),(2354,1299.8,'2022-07-01 00:00:00',1),(2355,193.06,'2022-07-04 00:00:00',6),(2356,1350.37,'2022-07-04 00:00:00',3),(2357,1566.95,'2022-07-04 00:00:00',8),(2358,164.93,'2022-07-04 00:00:00',4),(2359,957.14,'2022-07-04 00:00:00',2),(2360,927.28,'2022-07-04 00:00:00',5),(2361,36.36,'2022-07-04 00:00:00',7),(2362,1294.2,'2022-07-04 00:00:00',1),(2363,193.79,'2022-07-05 00:00:00',6),(2364,1354.1,'2022-07-05 00:00:00',3),(2365,1572.41,'2022-07-05 00:00:00',8),(2366,165.42,'2022-07-05 00:00:00',4),(2367,955.43,'2022-07-05 00:00:00',2),(2368,929.99,'2022-07-05 00:00:00',5),(2369,36.36,'2022-07-05 00:00:00',7),(2370,1297.9,'2022-07-05 00:00:00',1),(2371,194.16,'2022-07-06 00:00:00',6),(2372,1332.72,'2022-07-06 00:00:00',3),(2373,1551.95,'2022-07-06 00:00:00',8),(2374,165.42,'2022-07-06 00:00:00',4),(2375,957.05,'2022-07-06 00:00:00',2),(2376,923.71,'2022-07-06 00:00:00',5),(2377,36.11,'2022-07-06 00:00:00',7),(2378,1298,'2022-07-06 00:00:00',1),(2379,194.76,'2022-07-07 00:00:00',6),(2380,1331.33,'2022-07-07 00:00:00',3),(2381,1558.81,'2022-07-07 00:00:00',8),(2382,166.61,'2022-07-07 00:00:00',4),(2383,960.93,'2022-07-07 00:00:00',2),(2384,930.73,'2022-07-07 00:00:00',5),(2385,36.12,'2022-07-07 00:00:00',7),(2386,1307.4,'2022-07-07 00:00:00',1),(2387,194.25,'2022-07-08 00:00:00',6),(2388,1324,'2022-07-08 00:00:00',3),(2389,1565.91,'2022-07-08 00:00:00',8),(2390,166,'2022-07-08 00:00:00',4),(2391,958.11,'2022-07-08 00:00:00',2),(2392,930.03,'2022-07-08 00:00:00',5),(2393,36.14,'2022-07-08 00:00:00',7),(2394,1302.7,'2022-07-08 00:00:00',1),(2395,193.94,'2022-07-11 00:00:00',6),(2396,1321.91,'2022-07-11 00:00:00',3),(2397,1562.86,'2022-07-11 00:00:00',8),(2398,165.54,'2022-07-11 00:00:00',4),(2399,954,'2022-07-11 00:00:00',2),(2400,929.03,'2022-07-11 00:00:00',5),(2401,36.23,'2022-07-11 00:00:00',7),(2402,1299.3,'2022-07-11 00:00:00',1),(2403,194.05,'2022-07-12 00:00:00',6),(2404,1306.52,'2022-07-12 00:00:00',3),(2405,1547.39,'2022-07-12 00:00:00',8),(2406,165.69,'2022-07-12 00:00:00',4),(2407,947.1,'2022-07-12 00:00:00',2),(2408,925.36,'2022-07-12 00:00:00',5),(2409,35.87,'2022-07-12 00:00:00',7),(2410,1300.6,'2022-07-12 00:00:00',1),(2411,194.86,'2022-07-13 00:00:00',6),(2412,1316.71,'2022-07-13 00:00:00',3),(2413,1559.73,'2022-07-13 00:00:00',8),(2414,167.25,'2022-07-13 00:00:00',4),(2415,959.06,'2022-07-13 00:00:00',2),(2416,932.56,'2022-07-13 00:00:00',5),(2417,36.26,'2022-07-13 00:00:00',7),(2418,1312.9,'2022-07-13 00:00:00',1),(2419,193.79,'2022-07-14 00:00:00',6),(2420,1312.63,'2022-07-14 00:00:00',3),(2421,1551.28,'2022-07-14 00:00:00',8),(2422,166.37,'2022-07-14 00:00:00',4),(2423,949.99,'2022-07-14 00:00:00',2),(2424,928.81,'2022-07-14 00:00:00',5),(2425,36.05,'2022-07-14 00:00:00',7),(2426,1305.9,'2022-07-14 00:00:00',1),(2427,194.44,'2022-07-15 00:00:00',6),(2428,1312.49,'2022-07-15 00:00:00',3),(2429,1549.6,'2022-07-15 00:00:00',8),(2430,166.88,'2022-07-15 00:00:00',4),(2431,942.24,'2022-07-15 00:00:00',2),(2432,933.35,'2022-07-15 00:00:00',5),(2433,35.82,'2022-07-15 00:00:00',7),(2434,1310,'2022-07-15 00:00:00',1),(2435,195.56,'2022-07-18 00:00:00',6),(2436,1335.08,'2022-07-18 00:00:00',3),(2437,1571.56,'2022-07-18 00:00:00',8),(2438,168.63,'2022-07-18 00:00:00',4),(2439,956.19,'2022-07-18 00:00:00',2),(2440,946.11,'2022-07-18 00:00:00',5),(2441,36.13,'2022-07-18 00:00:00',7),(2442,1323.7,'2022-07-18 00:00:00',1),(2443,194.78,'2022-07-19 00:00:00',6),(2444,1336.25,'2022-07-19 00:00:00',3),(2445,1574.44,'2022-07-19 00:00:00',8),(2446,167.88,'2022-07-19 00:00:00',4),(2447,953.51,'2022-07-19 00:00:00',2),(2448,942.97,'2022-07-19 00:00:00',5),(2449,35.95,'2022-07-19 00:00:00',7),(2450,1317.8,'2022-07-19 00:00:00',1),(2451,194.82,'2022-07-20 00:00:00',6),(2452,1345.73,'2022-07-20 00:00:00',3),(2453,1578.54,'2022-07-20 00:00:00',8),(2454,167.5,'2022-07-20 00:00:00',4),(2455,951.34,'2022-07-20 00:00:00',2),(2456,944.85,'2022-07-20 00:00:00',5),(2457,35.93,'2022-07-20 00:00:00',7),(2458,1314.9,'2022-07-20 00:00:00',1),(2459,193.88,'2022-07-21 00:00:00',6),(2460,1332.42,'2022-07-21 00:00:00',3),(2461,1566.72,'2022-07-21 00:00:00',8),(2462,166.7,'2022-07-21 00:00:00',4),(2463,946.14,'2022-07-21 00:00:00',2),(2464,939.04,'2022-07-21 00:00:00',5),(2465,35.65,'2022-07-21 00:00:00',7),(2466,1308.6,'2022-07-21 00:00:00',1),(2467,194.01,'2022-07-22 00:00:00',6),(2468,1341.69,'2022-07-22 00:00:00',3),(2469,1574.06,'2022-07-22 00:00:00',8),(2470,167.17,'2022-07-22 00:00:00',4),(2471,956.17,'2022-07-22 00:00:00',2),(2472,943.99,'2022-07-22 00:00:00',5),(2473,35.68,'2022-07-22 00:00:00',7),(2474,1312.1,'2022-07-22 00:00:00',1),(2475,193.74,'2022-07-25 00:00:00',6),(2476,1339.38,'2022-07-25 00:00:00',3),(2477,1573.65,'2022-07-25 00:00:00',8),(2478,167.1,'2022-07-25 00:00:00',4),(2479,962.26,'2022-07-25 00:00:00',2),(2480,944.45,'2022-07-25 00:00:00',5),(2481,35.78,'2022-07-25 00:00:00',7),(2482,1311.7,'2022-07-25 00:00:00',1),(2483,193.71,'2022-07-26 00:00:00',6),(2484,1339.78,'2022-07-26 00:00:00',3),(2485,1579.95,'2022-07-26 00:00:00',8),(2486,167.02,'2022-07-26 00:00:00',4),(2487,960.47,'2022-07-26 00:00:00',2),(2488,945.51,'2022-07-26 00:00:00',5),(2489,35.71,'2022-07-26 00:00:00',7),(2490,1311,'2022-07-26 00:00:00',1),(2491,193.84,'2022-07-27 00:00:00',6),(2492,1327.16,'2022-07-27 00:00:00',3),(2493,1577.17,'2022-07-27 00:00:00',8),(2494,166.89,'2022-07-27 00:00:00',4),(2495,957.15,'2022-07-27 00:00:00',2),(2496,942.89,'2022-07-27 00:00:00',5),(2497,35.66,'2022-07-27 00:00:00',7),(2498,1310,'2022-07-27 00:00:00',1),(2499,194.14,'2022-07-28 00:00:00',6),(2500,1339.65,'2022-07-28 00:00:00',3),(2501,1596.36,'2022-07-28 00:00:00',8),(2502,167.25,'2022-07-28 00:00:00',4),(2503,962.57,'2022-07-28 00:00:00',2),(2504,949.69,'2022-07-28 00:00:00',5),(2505,35.79,'2022-07-28 00:00:00',7),(2506,1312.8,'2022-07-28 00:00:00',1),(2507,193.35,'2022-07-29 00:00:00',6),(2508,1329.3,'2022-07-29 00:00:00',3),(2509,1587.36,'2022-07-29 00:00:00',8),(2510,166.12,'2022-07-29 00:00:00',4),(2511,970.53,'2022-07-29 00:00:00',2),(2512,945.3,'2022-07-29 00:00:00',5),(2513,35.78,'2022-07-29 00:00:00',7),(2514,1304,'2022-07-29 00:00:00',1),(2515,179.97,'2021-09-01 00:00:00',6),(2516,1373.27,'2021-09-01 00:00:00',3),(2517,1599.26,'2021-09-01 00:00:00',8),(2518,149.49,'2021-09-01 00:00:00',4),(2519,1057.04,'2021-09-01 00:00:00',2),(2520,864.73,'2021-09-01 00:00:00',5),(2521,36.06,'2021-09-01 00:00:00',7),(2522,1162.8,'2021-09-01 00:00:00',1),(2523,179.17,'2021-09-02 00:00:00',6),(2524,1370.77,'2021-09-02 00:00:00',3),(2525,1593.94,'2021-09-02 00:00:00',8),(2526,148.84,'2021-09-02 00:00:00',4),(2527,1051.84,'2021-09-02 00:00:00',2),(2528,860.79,'2021-09-02 00:00:00',5),(2529,35.82,'2021-09-02 00:00:00',7),(2530,1157.5,'2021-09-02 00:00:00',1),(2531,179.72,'2021-09-03 00:00:00',6),(2532,1377.09,'2021-09-03 00:00:00',3),(2533,1604.62,'2021-09-03 00:00:00',8),(2534,149.23,'2021-09-03 00:00:00',4),(2535,1054.7,'2021-09-03 00:00:00',2),(2536,864.03,'2021-09-03 00:00:00',5),(2537,35.71,'2021-09-03 00:00:00',7),(2538,1159.7,'2021-09-03 00:00:00',1),(2539,179.19,'2021-09-06 00:00:00',6),(2540,1374.03,'2021-09-06 00:00:00',3),(2541,1603.12,'2021-09-06 00:00:00',8),(2542,148.81,'2021-09-06 00:00:00',4),(2543,1053.72,'2021-09-06 00:00:00',2),(2544,862.18,'2021-09-06 00:00:00',5),(2545,35.6,'2021-09-06 00:00:00',7),(2546,1156.4,'2021-09-06 00:00:00',1),(2547,179.49,'2021-09-07 00:00:00',6),(2548,1373.89,'2021-09-07 00:00:00',3),(2549,1601.3,'2021-09-07 00:00:00',8),(2550,148.87,'2021-09-07 00:00:00',4),(2551,1053.67,'2021-09-07 00:00:00',2),(2552,862.31,'2021-09-07 00:00:00',5),(2553,35.63,'2021-09-07 00:00:00',7),(2554,1157.3,'2021-09-07 00:00:00',1),(2555,179.46,'2021-09-08 00:00:00',6),(2556,1371.24,'2021-09-08 00:00:00',3),(2557,1595.64,'2021-09-08 00:00:00',8),(2558,148.92,'2021-09-08 00:00:00',4),(2559,1049.82,'2021-09-08 00:00:00',2),(2560,860.28,'2021-09-08 00:00:00',5),(2561,35.44,'2021-09-08 00:00:00',7),(2562,1157.9,'2021-09-08 00:00:00',1),(2563,180.19,'2021-09-09 00:00:00',6),(2564,1376.21,'2021-09-09 00:00:00',3),(2565,1603.46,'2021-09-09 00:00:00',8),(2566,149.75,'2021-09-09 00:00:00',4),(2567,1056.28,'2021-09-09 00:00:00',2),(2568,865.09,'2021-09-09 00:00:00',5),(2569,35.55,'2021-09-09 00:00:00',7),(2570,1164.5,'2021-09-09 00:00:00',1),(2571,181.16,'2021-09-10 00:00:00',6),(2572,1383.35,'2021-09-10 00:00:00',3),(2573,1618.6,'2021-09-10 00:00:00',8),(2574,150.44,'2021-09-10 00:00:00',4),(2575,1065.81,'2021-09-10 00:00:00',2),(2576,871.32,'2021-09-10 00:00:00',5),(2577,35.76,'2021-09-10 00:00:00',7),(2578,1170.1,'2021-09-10 00:00:00',1),(2579,181.44,'2021-09-13 00:00:00',6),(2580,1382.48,'2021-09-13 00:00:00',3),(2581,1619.6,'2021-09-13 00:00:00',8),(2582,150.48,'2021-09-13 00:00:00',4),(2583,1065.36,'2021-09-13 00:00:00',2),(2584,871.9,'2021-09-13 00:00:00',5),(2585,35.76,'2021-09-13 00:00:00',7),(2586,1170.4,'2021-09-13 00:00:00',1),(2587,182.19,'2021-09-14 00:00:00',6),(2588,1386.85,'2021-09-14 00:00:00',3),(2589,1625.06,'2021-09-14 00:00:00',8),(2590,150.93,'2021-09-14 00:00:00',4),(2591,1067.4,'2021-09-14 00:00:00',2),(2592,874.84,'2021-09-14 00:00:00',5),(2593,35.73,'2021-09-14 00:00:00',7),(2594,1174.3,'2021-09-14 00:00:00',1),(2595,181.94,'2021-09-15 00:00:00',6),(2596,1383.37,'2021-09-15 00:00:00',3),(2597,1618.22,'2021-09-15 00:00:00',8),(2598,150.67,'2021-09-15 00:00:00',4),(2599,1068.4,'2021-09-15 00:00:00',2),(2600,872.37,'2021-09-15 00:00:00',5),(2601,35.61,'2021-09-15 00:00:00',7),(2602,1172.2,'2021-09-15 00:00:00',1),(2603,181.93,'2021-09-16 00:00:00',6),(2604,1384.77,'2021-09-16 00:00:00',3),(2605,1622.8,'2021-09-16 00:00:00',8),(2606,150.56,'2021-09-16 00:00:00',4),(2607,1071.66,'2021-09-16 00:00:00',2),(2608,873.98,'2021-09-16 00:00:00',5),(2609,35.65,'2021-09-16 00:00:00',7),(2610,1171.7,'2021-09-16 00:00:00',1),(2611,181.9,'2021-09-17 00:00:00',6),(2612,1375.56,'2021-09-17 00:00:00',3),(2613,1613.3,'2021-09-17 00:00:00',8),(2614,150.21,'2021-09-17 00:00:00',4),(2615,1065.58,'2021-09-17 00:00:00',2),(2616,868.99,'2021-09-17 00:00:00',5),(2617,35.29,'2021-09-17 00:00:00',7),(2618,1169.1,'2021-09-17 00:00:00',1),(2619,182.5,'2021-09-23 00:00:00',6),(2620,1377.09,'2021-09-23 00:00:00',3),(2621,1604.3,'2021-09-23 00:00:00',8),(2622,151.24,'2021-09-23 00:00:00',4),(2623,1072.64,'2021-09-23 00:00:00',2),(2624,870.01,'2021-09-23 00:00:00',5),(2625,35.18,'2021-09-23 00:00:00',7),(2626,1177.6,'2021-09-23 00:00:00',1),(2627,182.19,'2021-09-24 00:00:00',6),(2628,1387.55,'2021-09-24 00:00:00',3),(2629,1621.71,'2021-09-24 00:00:00',8),(2630,151.8,'2021-09-24 00:00:00',4),(2631,1071.45,'2021-09-24 00:00:00',2),(2632,876.4,'2021-09-24 00:00:00',5),(2633,35.4,'2021-09-24 00:00:00',7),(2634,1181.7,'2021-09-24 00:00:00',1),(2635,181.89,'2021-09-27 00:00:00',6),(2636,1377.45,'2021-09-27 00:00:00',3),(2637,1606.16,'2021-09-27 00:00:00',8),(2638,150.95,'2021-09-27 00:00:00',4),(2639,1060.79,'2021-09-27 00:00:00',2),(2640,868.12,'2021-09-27 00:00:00',5),(2641,35.17,'2021-09-27 00:00:00',7),(2642,1175.3,'2021-09-27 00:00:00',1),(2643,182.07,'2021-09-28 00:00:00',6),(2644,1375.16,'2021-09-28 00:00:00',3),(2645,1611.28,'2021-09-28 00:00:00',8),(2646,151.07,'2021-09-28 00:00:00',4),(2647,1059.37,'2021-09-28 00:00:00',2),(2648,868.4,'2021-09-28 00:00:00',5),(2649,35.01,'2021-09-28 00:00:00',7),(2650,1175.9,'2021-09-28 00:00:00',1),(2651,183.03,'2021-09-29 00:00:00',6),(2652,1381.23,'2021-09-29 00:00:00',3),(2653,1600.43,'2021-09-29 00:00:00',8),(2654,151.86,'2021-09-29 00:00:00',4),(2655,1059.38,'2021-09-29 00:00:00',2),(2656,870.78,'2021-09-29 00:00:00',5),(2657,34.92,'2021-09-29 00:00:00',7),(2658,1182,'2021-09-29 00:00:00',1),(2659,183.03,'2021-09-30 00:00:00',6),(2660,1374.31,'2021-09-30 00:00:00',3),(2661,1591.14,'2021-09-30 00:00:00',8),(2662,152.19,'2021-09-30 00:00:00',4),(2663,1058.18,'2021-09-30 00:00:00',2),(2664,870.13,'2021-09-30 00:00:00',5),(2665,34.91,'2021-09-30 00:00:00',7),(2666,1184.9,'2021-09-30 00:00:00',1),(2667,183.08,'2021-10-01 00:00:00',6),(2668,1372.28,'2021-10-01 00:00:00',3),(2669,1597.06,'2021-10-01 00:00:00',8),(2670,152.22,'2021-10-01 00:00:00',4),(2671,1064.06,'2021-10-01 00:00:00',2),(2672,872.72,'2021-10-01 00:00:00',5),(2673,35.21,'2021-10-01 00:00:00',7),(2674,1185.2,'2021-10-01 00:00:00',1),(2675,183.91,'2021-10-05 00:00:00',6),(2676,1379.23,'2021-10-05 00:00:00',3),(2677,1615.84,'2021-10-05 00:00:00',8),(2678,152.45,'2021-10-05 00:00:00',4),(2679,1069.98,'2021-10-05 00:00:00',2),(2680,874.97,'2021-10-05 00:00:00',5),(2681,35.17,'2021-10-05 00:00:00',7),(2682,1187.2,'2021-10-05 00:00:00',1),(2683,183.99,'2021-10-06 00:00:00',6),(2684,1376.74,'2021-10-06 00:00:00',3),(2685,1617.9,'2021-10-06 00:00:00',8),(2686,152.48,'2021-10-06 00:00:00',4),(2687,1064.81,'2021-10-06 00:00:00',2),(2688,874.7,'2021-10-06 00:00:00',5),(2689,35.08,'2021-10-06 00:00:00',7),(2690,1187.1,'2021-10-06 00:00:00',1),(2691,184.36,'2021-10-07 00:00:00',6),(2692,1374.93,'2021-10-07 00:00:00',3),(2693,1617.03,'2021-10-07 00:00:00',8),(2694,152.83,'2021-10-07 00:00:00',4),(2695,1067.98,'2021-10-07 00:00:00',2),(2696,875.74,'2021-10-07 00:00:00',5),(2697,35.18,'2021-10-07 00:00:00',7),(2698,1190,'2021-10-07 00:00:00',1),(2699,184.38,'2021-10-08 00:00:00',6),(2700,1375.45,'2021-10-08 00:00:00',3),(2701,1620.77,'2021-10-08 00:00:00',8),(2702,152.9,'2021-10-08 00:00:00',4),(2703,1066.05,'2021-10-08 00:00:00',2),(2704,876.32,'2021-10-08 00:00:00',5),(2705,35.21,'2021-10-08 00:00:00',7),(2706,1190.3,'2021-10-08 00:00:00',1),(2707,185,'2021-10-12 00:00:00',6),(2708,1378.2,'2021-10-12 00:00:00',3),(2709,1621.47,'2021-10-12 00:00:00',8),(2710,153.42,'2021-10-12 00:00:00',4),(2711,1052.38,'2021-10-12 00:00:00',2),(2712,880.22,'2021-10-12 00:00:00',5),(2713,35.47,'2021-10-12 00:00:00',7),(2714,1193.4,'2021-10-12 00:00:00',1),(2715,185.74,'2021-10-13 00:00:00',6),(2716,1382.86,'2021-10-13 00:00:00',3),(2717,1629.04,'2021-10-13 00:00:00',8),(2718,154.08,'2021-10-13 00:00:00',4),(2719,1055.82,'2021-10-13 00:00:00',2),(2720,883.61,'2021-10-13 00:00:00',5),(2721,35.98,'2021-10-13 00:00:00',7),(2722,1199.1,'2021-10-13 00:00:00',1),(2723,185.12,'2021-10-14 00:00:00',6),(2724,1385.96,'2021-10-14 00:00:00',3),(2725,1633.15,'2021-10-14 00:00:00',8),(2726,153.61,'2021-10-14 00:00:00',4),(2727,1055.14,'2021-10-14 00:00:00',2),(2728,884.3,'2021-10-14 00:00:00',5),(2729,36.02,'2021-10-14 00:00:00',7),(2730,1195,'2021-10-14 00:00:00',1),(2731,184.65,'2021-10-15 00:00:00',6),(2732,1378.19,'2021-10-15 00:00:00',3),(2733,1625.24,'2021-10-15 00:00:00',8),(2734,152.74,'2021-10-15 00:00:00',4),(2735,1044.71,'2021-10-15 00:00:00',2),(2736,881.14,'2021-10-15 00:00:00',5),(2737,35.81,'2021-10-15 00:00:00',7),(2738,1188.3,'2021-10-15 00:00:00',1),(2739,183.79,'2021-10-18 00:00:00',6),(2740,1371.99,'2021-10-18 00:00:00',3),(2741,1627.83,'2021-10-18 00:00:00',8),(2742,152.07,'2021-10-18 00:00:00',4),(2743,1034.59,'2021-10-18 00:00:00',2),(2744,877.29,'2021-10-18 00:00:00',5),(2745,35.4,'2021-10-18 00:00:00',7),(2746,1182.8,'2021-10-18 00:00:00',1),(2747,184.4,'2021-10-19 00:00:00',6),(2748,1376.77,'2021-10-19 00:00:00',3),(2749,1628.04,'2021-10-19 00:00:00',8),(2750,152.45,'2021-10-19 00:00:00',4),(2751,1037.4,'2021-10-19 00:00:00',2),(2752,878.86,'2021-10-19 00:00:00',5),(2753,35.44,'2021-10-19 00:00:00',7),(2754,1185.8,'2021-10-19 00:00:00',1),(2755,184.32,'2021-10-20 00:00:00',6),(2756,1374.97,'2021-10-20 00:00:00',3),(2757,1630.16,'2021-10-20 00:00:00',8),(2758,151.97,'2021-10-20 00:00:00',4),(2759,1032.73,'2021-10-20 00:00:00',2),(2760,878.55,'2021-10-20 00:00:00',5),(2761,35.42,'2021-10-20 00:00:00',7),(2762,1181.7,'2021-10-20 00:00:00',1),(2763,183.82,'2021-10-21 00:00:00',6),(2764,1369.87,'2021-10-21 00:00:00',3),(2765,1625.15,'2021-10-21 00:00:00',8),(2766,151.23,'2021-10-21 00:00:00',4),(2767,1027.85,'2021-10-21 00:00:00',2),(2768,875.19,'2021-10-21 00:00:00',5),(2769,35.23,'2021-10-21 00:00:00',7),(2770,1175.6,'2021-10-21 00:00:00',1),(2771,184.04,'2021-10-22 00:00:00',6),(2772,1366.75,'2021-10-22 00:00:00',3),(2773,1621.72,'2021-10-22 00:00:00',8),(2774,151.23,'2021-10-22 00:00:00',4),(2775,1031.72,'2021-10-22 00:00:00',2),(2776,872.55,'2021-10-22 00:00:00',5),(2777,35.21,'2021-10-22 00:00:00',7),(2778,1175.8,'2021-10-22 00:00:00',1),(2779,184.34,'2021-10-25 00:00:00',6),(2780,1372.07,'2021-10-25 00:00:00',3),(2781,1621.66,'2021-10-25 00:00:00',8),(2782,151.6,'2021-10-25 00:00:00',4),(2783,1037.92,'2021-10-25 00:00:00',2),(2784,874.09,'2021-10-25 00:00:00',5),(2785,35.38,'2021-10-25 00:00:00',7),(2786,1178.4,'2021-10-25 00:00:00',1),(2787,183.28,'2021-10-26 00:00:00',6),(2788,1360.17,'2021-10-26 00:00:00',3),(2789,1612.4,'2021-10-26 00:00:00',8),(2790,150.73,'2021-10-26 00:00:00',4),(2791,1030.38,'2021-10-26 00:00:00',2),(2792,869.45,'2021-10-26 00:00:00',5),(2793,35.45,'2021-10-26 00:00:00',7),(2794,1171.8,'2021-10-26 00:00:00',1),(2795,182.66,'2021-10-27 00:00:00',6),(2796,1352.27,'2021-10-27 00:00:00',3),(2797,1605.24,'2021-10-27 00:00:00',8),(2798,149.99,'2021-10-27 00:00:00',4),(2799,1021.41,'2021-10-27 00:00:00',2),(2800,865.56,'2021-10-27 00:00:00',5),(2801,35.11,'2021-10-27 00:00:00',7),(2802,1166.3,'2021-10-27 00:00:00',1),(2803,183.22,'2021-10-28 00:00:00',6),(2804,1355.05,'2021-10-28 00:00:00',3),(2805,1604.68,'2021-10-28 00:00:00',8),(2806,150.18,'2021-10-28 00:00:00',4),(2807,1026.63,'2021-10-28 00:00:00',2),(2808,866.13,'2021-10-28 00:00:00',5),(2809,35.09,'2021-10-28 00:00:00',7),(2810,1168.1,'2021-10-28 00:00:00',1),(2811,183.08,'2021-10-29 00:00:00',6),(2812,1368.78,'2021-10-29 00:00:00',3),(2813,1616.42,'2021-10-29 00:00:00',8),(2814,150.64,'2021-10-29 00:00:00',4),(2815,1031.65,'2021-10-29 00:00:00',2),(2816,871.64,'2021-10-29 00:00:00',5),(2817,35.3,'2021-10-29 00:00:00',7),(2818,1171.7,'2021-10-29 00:00:00',1),(2819,183.12,'2021-11-01 00:00:00',6),(2820,1352.12,'2021-11-01 00:00:00',3),(2821,1600.66,'2021-11-01 00:00:00',8),(2822,150.35,'2021-11-01 00:00:00',4),(2823,1024.84,'2021-11-01 00:00:00',2),(2824,866.66,'2021-11-01 00:00:00',5),(2825,35.11,'2021-11-01 00:00:00',7),(2826,1169.6,'2021-11-01 00:00:00',1),(2827,183.78,'2021-11-02 00:00:00',6),(2828,1364.8,'2021-11-02 00:00:00',3),(2829,1606.88,'2021-11-02 00:00:00',8),(2830,151.14,'2021-11-02 00:00:00',4),(2831,1031.25,'2021-11-02 00:00:00',2),(2832,872.53,'2021-11-02 00:00:00',5),(2833,35.33,'2021-11-02 00:00:00',7),(2834,1176.3,'2021-11-02 00:00:00',1),(2835,183.8,'2021-11-03 00:00:00',6),(2836,1361.05,'2021-11-03 00:00:00',3),(2837,1600.38,'2021-11-03 00:00:00',8),(2838,151.06,'2021-11-03 00:00:00',4),(2839,1031.28,'2021-11-03 00:00:00',2),(2840,871.22,'2021-11-03 00:00:00',5),(2841,35.34,'2021-11-03 00:00:00',7),(2842,1175.5,'2021-11-03 00:00:00',1),(2843,184.55,'2021-11-04 00:00:00',6),(2844,1371.61,'2021-11-04 00:00:00',3),(2845,1617.28,'2021-11-04 00:00:00',8),(2846,151.74,'2021-11-04 00:00:00',4),(2847,1035.78,'2021-11-04 00:00:00',2),(2848,876.35,'2021-11-04 00:00:00',5),(2849,35.47,'2021-11-04 00:00:00',7),(2850,1181.1,'2021-11-04 00:00:00',1),(2851,184.4,'2021-11-05 00:00:00',6),(2852,1363.14,'2021-11-05 00:00:00',3),(2853,1593.53,'2021-11-05 00:00:00',8),(2854,151.6,'2021-11-05 00:00:00',4),(2855,1036.54,'2021-11-05 00:00:00',2),(2856,873.33,'2021-11-05 00:00:00',5),(2857,35.4,'2021-11-05 00:00:00',7),(2858,1180,'2021-11-05 00:00:00',1),(2859,185.21,'2021-11-08 00:00:00',6),(2860,1370.86,'2021-11-08 00:00:00',3),(2861,1598.72,'2021-11-08 00:00:00',8),(2862,152.28,'2021-11-08 00:00:00',4),(2863,1044.83,'2021-11-08 00:00:00',2),(2864,877.76,'2021-11-08 00:00:00',5),(2865,35.69,'2021-11-08 00:00:00',7),(2866,1185.2,'2021-11-08 00:00:00',1),(2867,185.15,'2021-11-09 00:00:00',6),(2868,1372.31,'2021-11-09 00:00:00',3),(2869,1606.33,'2021-11-09 00:00:00',8),(2870,152.06,'2021-11-09 00:00:00',4),(2871,1045.79,'2021-11-09 00:00:00',2),(2872,878.85,'2021-11-09 00:00:00',5),(2873,35.96,'2021-11-09 00:00:00',7),(2874,1184.3,'2021-11-09 00:00:00',1),(2875,184.36,'2021-11-10 00:00:00',6),(2876,1366.12,'2021-11-10 00:00:00',3),(2877,1597.73,'2021-11-10 00:00:00',8),(2878,151.25,'2021-11-10 00:00:00',4),(2879,1043.52,'2021-11-10 00:00:00',2),(2880,874.54,'2021-11-10 00:00:00',5),(2881,35.97,'2021-11-10 00:00:00',7),(2882,1178.4,'2021-11-10 00:00:00',1),(2883,184.81,'2021-11-11 00:00:00',6),(2884,1355.73,'2021-11-11 00:00:00',3),(2885,1583.31,'2021-11-11 00:00:00',8),(2886,151.58,'2021-11-11 00:00:00',4),(2887,1037.01,'2021-11-11 00:00:00',2),(2888,872.94,'2021-11-11 00:00:00',5),(2889,35.98,'2021-11-11 00:00:00',7),(2890,1181,'2021-11-11 00:00:00',1),(2891,185.15,'2021-11-12 00:00:00',6),(2892,1356.19,'2021-11-12 00:00:00',3),(2893,1583.23,'2021-11-12 00:00:00',8),(2894,152.03,'2021-11-12 00:00:00',4),(2895,1038.8,'2021-11-12 00:00:00',2),(2896,874.54,'2021-11-12 00:00:00',5),(2897,36.05,'2021-11-12 00:00:00',7),(2898,1184.7,'2021-11-12 00:00:00',1),(2899,184.48,'2021-11-15 00:00:00',6),(2900,1349.88,'2021-11-15 00:00:00',3),(2901,1582.61,'2021-11-15 00:00:00',8),(2902,151.39,'2021-11-15 00:00:00',4),(2903,1034.78,'2021-11-15 00:00:00',2),(2904,872.26,'2021-11-15 00:00:00',5),(2905,36.02,'2021-11-15 00:00:00',7),(2906,1179.6,'2021-11-15 00:00:00',1),(2907,185.04,'2021-11-16 00:00:00',6),(2908,1342.01,'2021-11-16 00:00:00',3),(2909,1583.24,'2021-11-16 00:00:00',8),(2910,151.52,'2021-11-16 00:00:00',4),(2911,1034.22,'2021-11-16 00:00:00',2),(2912,871.7,'2021-11-16 00:00:00',5),(2913,36.04,'2021-11-16 00:00:00',7),(2914,1180.2,'2021-11-16 00:00:00',1),(2915,185.07,'2021-11-17 00:00:00',6),(2916,1335.07,'2021-11-17 00:00:00',3),(2917,1583.61,'2021-11-17 00:00:00',8),(2918,151.48,'2021-11-17 00:00:00',4),(2919,1027.03,'2021-11-17 00:00:00',2),(2920,869.17,'2021-11-17 00:00:00',5),(2921,36.02,'2021-11-17 00:00:00',7),(2922,1179.6,'2021-11-17 00:00:00',1),(2923,185.37,'2021-11-18 00:00:00',6),(2924,1339.54,'2021-11-18 00:00:00',3),(2925,1597.15,'2021-11-18 00:00:00',8),(2926,151.97,'2021-11-18 00:00:00',4),(2927,1036.34,'2021-11-18 00:00:00',2),(2928,873.12,'2021-11-18 00:00:00',5),(2929,36.28,'2021-11-18 00:00:00',7),(2930,1183.6,'2021-11-18 00:00:00',1),(2931,185.07,'2021-11-19 00:00:00',6),(2932,1342.52,'2021-11-19 00:00:00',3),(2933,1594.03,'2021-11-19 00:00:00',8),(2934,151.57,'2021-11-19 00:00:00',4),(2935,1033.31,'2021-11-19 00:00:00',2),(2936,870.13,'2021-11-19 00:00:00',5),(2937,36.22,'2021-11-19 00:00:00',7),(2938,1180.5,'2021-11-19 00:00:00',1),(2939,185.33,'2021-11-22 00:00:00',6),(2940,1335.28,'2021-11-22 00:00:00',3),(2941,1591.33,'2021-11-22 00:00:00',8),(2942,151.91,'2021-11-22 00:00:00',4),(2943,1037.57,'2021-11-22 00:00:00',2),(2944,868.78,'2021-11-22 00:00:00',5),(2945,36.08,'2021-11-22 00:00:00',7),(2946,1183.5,'2021-11-22 00:00:00',1),(2947,185.94,'2021-11-23 00:00:00',6),(2948,1334.52,'2021-11-23 00:00:00',3),(2949,1590.52,'2021-11-23 00:00:00',8),(2950,152.43,'2021-11-23 00:00:00',4),(2951,1033.92,'2021-11-23 00:00:00',2),(2952,869.95,'2021-11-23 00:00:00',5),(2953,35.94,'2021-11-23 00:00:00',7),(2954,1187.4,'2021-11-23 00:00:00',1),(2955,186.13,'2021-11-24 00:00:00',6),(2956,1337.22,'2021-11-24 00:00:00',3),(2957,1590.63,'2021-11-24 00:00:00',8),(2958,152.55,'2021-11-24 00:00:00',4),(2959,1032.79,'2021-11-24 00:00:00',2),(2960,870.57,'2021-11-24 00:00:00',5),(2961,35.88,'2021-11-24 00:00:00',7),(2962,1188.9,'2021-11-24 00:00:00',1),(2963,186.07,'2021-11-25 00:00:00',6),(2964,1331.3,'2021-11-25 00:00:00',3),(2965,1583.97,'2021-11-25 00:00:00',8),(2966,152.4,'2021-11-25 00:00:00',4),(2967,1029.54,'2021-11-25 00:00:00',2),(2968,868.5,'2021-11-25 00:00:00',5),(2969,35.59,'2021-11-25 00:00:00',7),(2970,1188.5,'2021-11-25 00:00:00',1),(2971,186.14,'2021-11-26 00:00:00',6),(2972,1333.53,'2021-11-26 00:00:00',3),(2973,1584.86,'2021-11-26 00:00:00',8),(2974,152.59,'2021-11-26 00:00:00',4),(2975,1031.79,'2021-11-26 00:00:00',2),(2976,869.44,'2021-11-26 00:00:00',5),(2977,35.63,'2021-11-26 00:00:00',7),(2978,1189.7,'2021-11-26 00:00:00',1),(2979,186.64,'2021-11-29 00:00:00',6),(2980,1347.14,'2021-11-29 00:00:00',3),(2981,1591.64,'2021-11-29 00:00:00',8),(2982,152.98,'2021-11-29 00:00:00',4),(2983,1049.53,'2021-11-29 00:00:00',2),(2984,870.77,'2021-11-29 00:00:00',5),(2985,35.33,'2021-11-29 00:00:00',7),(2986,1193,'2021-11-29 00:00:00',1),(2987,186.8,'2021-11-30 00:00:00',6),(2988,1347.59,'2021-11-30 00:00:00',3),(2989,1588.53,'2021-11-30 00:00:00',8),(2990,153.01,'2021-11-30 00:00:00',4),(2991,1049.56,'2021-11-30 00:00:00',2),(2992,871.89,'2021-11-30 00:00:00',5),(2993,35.39,'2021-11-30 00:00:00',7),(2994,1193.4,'2021-11-30 00:00:00',1),(2995,186.26,'2021-12-01 00:00:00',6),(2996,1346.79,'2021-12-01 00:00:00',3),(2997,1579.76,'2021-12-01 00:00:00',8),(2998,152.32,'2021-12-01 00:00:00',4),(2999,1049.16,'2021-12-01 00:00:00',2),(3000,870.49,'2021-12-01 00:00:00',5),(3001,35.2,'2021-12-01 00:00:00',7),(3002,1187.7,'2021-12-01 00:00:00',1),(3003,185.1,'2021-12-02 00:00:00',6),(3004,1336.22,'2021-12-02 00:00:00',3),(3005,1567.62,'2021-12-02 00:00:00',8),(3006,151.46,'2021-12-02 00:00:00',4),(3007,1045.81,'2021-12-02 00:00:00',2),(3008,864.78,'2021-12-02 00:00:00',5),(3009,34.98,'2021-12-02 00:00:00',7),(3010,1180.3,'2021-12-02 00:00:00',1),(3011,184.83,'2021-12-03 00:00:00',6),(3012,1330.41,'2021-12-03 00:00:00',3),(3013,1565.4,'2021-12-03 00:00:00',8),(3014,151.09,'2021-12-03 00:00:00',4),(3015,1039.97,'2021-12-03 00:00:00',2),(3016,859.85,'2021-12-03 00:00:00',5),(3017,34.76,'2021-12-03 00:00:00',7),(3018,1177.3,'2021-12-03 00:00:00',1),(3019,184.95,'2021-12-06 00:00:00',6),(3020,1332.29,'2021-12-06 00:00:00',3),(3021,1560.17,'2021-12-06 00:00:00',8),(3022,151.19,'2021-12-06 00:00:00',4),(3023,1042.69,'2021-12-06 00:00:00',2),(3024,859.23,'2021-12-06 00:00:00',5),(3025,34.8,'2021-12-06 00:00:00',7),(3026,1178.6,'2021-12-06 00:00:00',1),(3027,185.73,'2021-12-07 00:00:00',6),(3028,1335.63,'2021-12-07 00:00:00',3),(3029,1569.47,'2021-12-07 00:00:00',8),(3030,151.75,'2021-12-07 00:00:00',4),(3031,1043.23,'2021-12-07 00:00:00',2),(3032,864.74,'2021-12-07 00:00:00',5),(3033,34.99,'2021-12-07 00:00:00',7),(3034,1183.7,'2021-12-07 00:00:00',1),(3035,185.41,'2021-12-08 00:00:00',6),(3036,1331.15,'2021-12-08 00:00:00',3),(3037,1564.26,'2021-12-08 00:00:00',8),(3038,151.49,'2021-12-08 00:00:00',4),(3039,1040.48,'2021-12-08 00:00:00',2),(3040,864.78,'2021-12-08 00:00:00',5),(3041,35.12,'2021-12-08 00:00:00',7),(3042,1181.2,'2021-12-08 00:00:00',1),(3043,184.93,'2021-12-09 00:00:00',6),(3044,1334.33,'2021-12-09 00:00:00',3),(3045,1553.67,'2021-12-09 00:00:00',8),(3046,150.86,'2021-12-09 00:00:00',4),(3047,1034.43,'2021-12-09 00:00:00',2),(3048,863.73,'2021-12-09 00:00:00',5),(3049,35.16,'2021-12-09 00:00:00',7),(3050,1176.4,'2021-12-09 00:00:00',1),(3051,185.12,'2021-12-10 00:00:00',6),(3052,1325.81,'2021-12-10 00:00:00',3),(3053,1552.06,'2021-12-10 00:00:00',8),(3054,150.55,'2021-12-10 00:00:00',4),(3055,1034.73,'2021-12-10 00:00:00',2),(3056,859.99,'2021-12-10 00:00:00',5),(3057,34.94,'2021-12-10 00:00:00',7),(3058,1173.8,'2021-12-10 00:00:00',1),(3059,184.86,'2021-12-13 00:00:00',6),(3060,1332.96,'2021-12-13 00:00:00',3),(3061,1562,'2021-12-13 00:00:00',8),(3062,151.07,'2021-12-13 00:00:00',4),(3063,1038.47,'2021-12-13 00:00:00',2),(3064,864,'2021-12-13 00:00:00',5),(3065,35.14,'2021-12-13 00:00:00',7),(3066,1178.2,'2021-12-13 00:00:00',1),(3067,185.14,'2021-12-14 00:00:00',6),(3068,1330.1,'2021-12-14 00:00:00',3),(3069,1557.9,'2021-12-14 00:00:00',8),(3070,151.1,'2021-12-14 00:00:00',4),(3071,1038,'2021-12-14 00:00:00',2),(3072,861.6,'2021-12-14 00:00:00',5),(3073,35.29,'2021-12-14 00:00:00',7),(3074,1178.8,'2021-12-14 00:00:00',1),(3075,185.77,'2021-12-15 00:00:00',6),(3076,1332.38,'2021-12-15 00:00:00',3),(3077,1565.73,'2021-12-15 00:00:00',8),(3078,151.72,'2021-12-15 00:00:00',4),(3079,1040.57,'2021-12-15 00:00:00',2),(3080,863.97,'2021-12-15 00:00:00',5),(3081,35.42,'2021-12-15 00:00:00',7),(3082,1183.6,'2021-12-15 00:00:00',1),(3083,186.03,'2021-12-16 00:00:00',6),(3084,1340.11,'2021-12-16 00:00:00',3),(3085,1573.79,'2021-12-16 00:00:00',8),(3086,152.02,'2021-12-16 00:00:00',4),(3087,1039.8,'2021-12-16 00:00:00',2),(3088,868.66,'2021-12-16 00:00:00',5),(3089,35.48,'2021-12-16 00:00:00',7),(3090,1186.2,'2021-12-16 00:00:00',1),(3091,185.6,'2021-12-17 00:00:00',6),(3092,1340.96,'2021-12-17 00:00:00',3),(3093,1577.01,'2021-12-17 00:00:00',8),(3094,151.66,'2021-12-17 00:00:00',4),(3095,1040.81,'2021-12-17 00:00:00',2),(3096,868.08,'2021-12-17 00:00:00',5),(3097,35.42,'2021-12-17 00:00:00',7),(3098,1183.5,'2021-12-17 00:00:00',1),(3099,185.93,'2021-12-20 00:00:00',6),(3100,1331.27,'2021-12-20 00:00:00',3),(3101,1567.43,'2021-12-20 00:00:00',8),(3102,151.81,'2021-12-20 00:00:00',4),(3103,1042.01,'2021-12-20 00:00:00',2),(3104,866.58,'2021-12-20 00:00:00',5),(3105,35.52,'2021-12-20 00:00:00',7),(3106,1184.4,'2021-12-20 00:00:00',1),(3107,186.04,'2021-12-21 00:00:00',6),(3108,1341.74,'2021-12-21 00:00:00',3),(3109,1571.67,'2021-12-21 00:00:00',8),(3110,152.51,'2021-12-21 00:00:00',4),(3111,1047.04,'2021-12-21 00:00:00',2),(3112,870.47,'2021-12-21 00:00:00',5),(3113,35.4,'2021-12-21 00:00:00',7),(3114,1189.8,'2021-12-21 00:00:00',1),(3115,186.53,'2021-12-22 00:00:00',6),(3116,1344.19,'2021-12-22 00:00:00',3),(3117,1580.7,'2021-12-22 00:00:00',8),(3118,152.73,'2021-12-22 00:00:00',4),(3119,1044.67,'2021-12-22 00:00:00',2),(3120,873.37,'2021-12-22 00:00:00',5),(3121,35.38,'2021-12-22 00:00:00',7),(3122,1191.5,'2021-12-22 00:00:00',1),(3123,186.72,'2021-12-23 00:00:00',6),(3124,1348.91,'2021-12-23 00:00:00',3),(3125,1590.67,'2021-12-23 00:00:00',8),(3126,152.73,'2021-12-23 00:00:00',4),(3127,1043.68,'2021-12-23 00:00:00',2),(3128,874.76,'2021-12-23 00:00:00',5),(3129,35.39,'2021-12-23 00:00:00',7),(3130,1191.2,'2021-12-23 00:00:00',1),(3131,186.47,'2021-12-24 00:00:00',6),(3132,1344.84,'2021-12-24 00:00:00',3),(3133,1592.44,'2021-12-24 00:00:00',8),(3134,152.26,'2021-12-24 00:00:00',4),(3135,1037.48,'2021-12-24 00:00:00',2),(3136,874.13,'2021-12-24 00:00:00',5),(3137,35.45,'2021-12-24 00:00:00',7),(3138,1187.5,'2021-12-24 00:00:00',1),(3139,186,'2021-12-27 00:00:00',6),(3140,1343.06,'2021-12-27 00:00:00',3),(3141,1589.84,'2021-12-27 00:00:00',8),(3142,152.12,'2021-12-27 00:00:00',4),(3143,1037.06,'2021-12-27 00:00:00',2),(3144,873.03,'2021-12-27 00:00:00',5),(3145,35.48,'2021-12-27 00:00:00',7),(3146,1186.4,'2021-12-27 00:00:00',1),(3147,186.09,'2021-12-28 00:00:00',6),(3148,1343.79,'2021-12-28 00:00:00',3),(3149,1594.61,'2021-12-28 00:00:00',8),(3150,152.1,'2021-12-28 00:00:00',4),(3151,1032.6,'2021-12-28 00:00:00',2),(3152,874.55,'2021-12-28 00:00:00',5),(3153,35.38,'2021-12-28 00:00:00',7),(3154,1186.2,'2021-12-28 00:00:00',1),(3155,186.13,'2021-12-29 00:00:00',6),(3156,1342.16,'2021-12-29 00:00:00',3),(3157,1594.03,'2021-12-29 00:00:00',8),(3158,152.17,'2021-12-29 00:00:00',4),(3159,1033.76,'2021-12-29 00:00:00',2),(3160,876.15,'2021-12-29 00:00:00',5),(3161,35.4,'2021-12-29 00:00:00',7),(3162,1186.7,'2021-12-29 00:00:00',1),(3163,186.2,'2021-12-30 00:00:00',6),(3164,1346.85,'2021-12-30 00:00:00',3),(3165,1600.49,'2021-12-30 00:00:00',8),(3166,152.19,'2021-12-30 00:00:00',4),(3167,1032.14,'2021-12-30 00:00:00',2),(3168,877.73,'2021-12-30 00:00:00',5),(3169,35.42,'2021-12-30 00:00:00',7),(3170,1186.6,'2021-12-30 00:00:00',1),(3171,186.26,'2021-12-31 00:00:00',6),(3172,1342.34,'2021-12-31 00:00:00',3),(3173,1600.25,'2021-12-31 00:00:00',8),(3174,152.03,'2021-12-31 00:00:00',4),(3175,1030.24,'2021-12-31 00:00:00',2),(3176,877.14,'2021-12-31 00:00:00',5),(3177,35.57,'2021-12-31 00:00:00',7),(3178,1185.5,'2021-12-31 00:00:00',1),(3179,186.26,'2022-01-03 00:00:00',6),(3180,1348.33,'2022-01-03 00:00:00',3),(3181,1603.69,'2022-01-03 00:00:00',8),(3182,152.06,'2022-01-03 00:00:00',4),(3183,1029.57,'2022-01-03 00:00:00',2),(3184,879.26,'2022-01-03 00:00:00',5),(3185,35.64,'2022-01-03 00:00:00',7),(3186,1185.5,'2022-01-03 00:00:00',1),(3187,187.36,'2022-01-04 00:00:00',6),(3188,1345.13,'2022-01-04 00:00:00',3),(3189,1605.2,'2022-01-04 00:00:00',8),(3190,152.71,'2022-01-04 00:00:00',4),(3191,1032.38,'2022-01-04 00:00:00',2),(3192,879.31,'2022-01-04 00:00:00',5),(3193,35.81,'2022-01-04 00:00:00',7),(3194,1190.8,'2022-01-04 00:00:00',1),(3195,187.43,'2022-01-05 00:00:00',6),(3196,1347.77,'2022-01-05 00:00:00',3),(3197,1615.65,'2022-01-05 00:00:00',8),(3198,153.23,'2022-01-05 00:00:00',4),(3199,1027.93,'2022-01-05 00:00:00',2),(3200,880.82,'2022-01-05 00:00:00',5),(3201,35.91,'2022-01-05 00:00:00',7),(3202,1194.3,'2022-01-05 00:00:00',1),(3203,187.94,'2022-01-06 00:00:00',6),(3204,1355.04,'2022-01-06 00:00:00',3),(3205,1623.92,'2022-01-06 00:00:00',8),(3206,153.71,'2022-01-06 00:00:00',4),(3207,1032.09,'2022-01-06 00:00:00',2),(3208,882.49,'2022-01-06 00:00:00',5),(3209,36.05,'2022-01-06 00:00:00',7),(3210,1198.2,'2022-01-06 00:00:00',1),(3211,188,'2022-01-07 00:00:00',6),(3212,1355.31,'2022-01-07 00:00:00',3),(3213,1623.6,'2022-01-07 00:00:00',8),(3214,153.78,'2022-01-07 00:00:00',4),(3215,1035.43,'2022-01-07 00:00:00',2),(3216,881.51,'2022-01-07 00:00:00',5),(3217,35.74,'2022-01-07 00:00:00',7),(3218,1199.6,'2022-01-07 00:00:00',1),(3219,188.18,'2022-01-10 00:00:00',6),(3220,1365.69,'2022-01-10 00:00:00',3),(3221,1633.94,'2022-01-10 00:00:00',8),(3222,154.2,'2022-01-10 00:00:00',4),(3223,1039.82,'2022-01-10 00:00:00',2),(3224,886.73,'2022-01-10 00:00:00',5),(3225,35.73,'2022-01-10 00:00:00',7),(3226,1202.4,'2022-01-10 00:00:00',1),(3227,188.21,'2022-01-11 00:00:00',6),(3228,1359.36,'2022-01-11 00:00:00',3),(3229,1629.36,'2022-01-11 00:00:00',8),(3230,153.94,'2022-01-11 00:00:00',4),(3231,1041.44,'2022-01-11 00:00:00',2),(3232,884.83,'2022-01-11 00:00:00',5),(3233,35.69,'2022-01-11 00:00:00',7),(3234,1200,'2022-01-11 00:00:00',1),(3235,187.35,'2022-01-12 00:00:00',6),(3236,1358.88,'2022-01-12 00:00:00',3),(3237,1629.77,'2022-01-12 00:00:00',8),(3238,153.31,'2022-01-12 00:00:00',4),(3239,1036.56,'2022-01-12 00:00:00',2),(3240,884.97,'2022-01-12 00:00:00',5),(3241,35.88,'2022-01-12 00:00:00',7),(3242,1195.2,'2022-01-12 00:00:00',1),(3243,186.84,'2022-01-13 00:00:00',6),(3244,1361.66,'2022-01-13 00:00:00',3),(3245,1631.11,'2022-01-13 00:00:00',8),(3246,152.73,'2022-01-13 00:00:00',4),(3247,1037.99,'2022-01-13 00:00:00',2),(3248,884.19,'2022-01-13 00:00:00',5),(3249,35.75,'2022-01-13 00:00:00',7),(3250,1189.9,'2022-01-13 00:00:00',1),(3251,186.73,'2022-01-14 00:00:00',6),(3252,1361.26,'2022-01-14 00:00:00',3),(3253,1629.14,'2022-01-14 00:00:00',8),(3254,152.58,'2022-01-14 00:00:00',4),(3255,1040.41,'2022-01-14 00:00:00',2),(3256,882.44,'2022-01-14 00:00:00',5),(3257,35.76,'2022-01-14 00:00:00',7),(3258,1188.2,'2022-01-14 00:00:00',1),(3259,186.63,'2022-01-17 00:00:00',6),(3260,1354.58,'2022-01-17 00:00:00',3),(3261,1623.03,'2022-01-17 00:00:00',8),(3262,152.57,'2022-01-17 00:00:00',4),(3263,1038.7,'2022-01-17 00:00:00',2),(3264,880.58,'2022-01-17 00:00:00',5),(3265,35.78,'2022-01-17 00:00:00',7),(3266,1187.6,'2022-01-17 00:00:00',1),(3267,187.64,'2022-01-18 00:00:00',6),(3268,1360.18,'2022-01-18 00:00:00',3),(3269,1626.71,'2022-01-18 00:00:00',8),(3270,153.05,'2022-01-18 00:00:00',4),(3271,1040.36,'2022-01-18 00:00:00',2),(3272,884.17,'2022-01-18 00:00:00',5),(3273,36.04,'2022-01-18 00:00:00',7),(3274,1192.3,'2022-01-18 00:00:00',1),(3275,187.29,'2022-01-19 00:00:00',6),(3276,1346.73,'2022-01-19 00:00:00',3),(3277,1616.73,'2022-01-19 00:00:00',8),(3278,152.57,'2022-01-19 00:00:00',4),(3279,1037.48,'2022-01-19 00:00:00',2),(3280,879.98,'2022-01-19 00:00:00',5),(3281,35.9,'2022-01-19 00:00:00',7),(3282,1188.9,'2022-01-19 00:00:00',1),(3283,187.38,'2022-01-20 00:00:00',6),(3284,1351.62,'2022-01-20 00:00:00',3),(3285,1621.98,'2022-01-20 00:00:00',8),(3286,152.99,'2022-01-20 00:00:00',4),(3287,1041.97,'2022-01-20 00:00:00',2),(3288,884.16,'2022-01-20 00:00:00',5),(3289,36.2,'2022-01-20 00:00:00',7),(3290,1191.8,'2022-01-20 00:00:00',1),(3291,187.65,'2022-01-21 00:00:00',6),(3292,1346.76,'2022-01-21 00:00:00',3),(3293,1619.06,'2022-01-21 00:00:00',8),(3294,152.88,'2022-01-21 00:00:00',4),(3295,1044.16,'2022-01-21 00:00:00',2),(3296,883.64,'2022-01-21 00:00:00',5),(3297,36.18,'2022-01-21 00:00:00',7),(3298,1190.4,'2022-01-21 00:00:00',1),(3299,188.04,'2022-01-24 00:00:00',6),(3300,1353.54,'2022-01-24 00:00:00',3),(3301,1617.33,'2022-01-24 00:00:00',8),(3302,153.28,'2022-01-24 00:00:00',4),(3303,1049.36,'2022-01-24 00:00:00',2),(3304,887.6,'2022-01-24 00:00:00',5),(3305,36.21,'2022-01-24 00:00:00',7),(3306,1193.6,'2022-01-24 00:00:00',1),(3307,188.43,'2022-01-25 00:00:00',6),(3308,1352.67,'2022-01-25 00:00:00',3),(3309,1610.68,'2022-01-25 00:00:00',8),(3310,153.37,'2022-01-25 00:00:00',4),(3311,1047.5,'2022-01-25 00:00:00',2),(3312,887.45,'2022-01-25 00:00:00',5),(3313,36.18,'2022-01-25 00:00:00',7),(3314,1194.2,'2022-01-25 00:00:00',1),(3315,189.1,'2022-01-26 00:00:00',6),(3316,1353.87,'2022-01-26 00:00:00',3),(3317,1617.93,'2022-01-26 00:00:00',8),(3318,153.85,'2022-01-26 00:00:00',4),(3319,1051.62,'2022-01-26 00:00:00',2),(3320,890.92,'2022-01-26 00:00:00',5),(3321,36.27,'2022-01-26 00:00:00',7),(3322,1197.8,'2022-01-26 00:00:00',1),(3323,189.12,'2022-01-27 00:00:00',6),(3324,1345.55,'2022-01-27 00:00:00',3),(3325,1611.88,'2022-01-27 00:00:00',8),(3326,153.71,'2022-01-27 00:00:00',4),(3327,1043.36,'2022-01-27 00:00:00',2),(3328,888.02,'2022-01-27 00:00:00',5),(3329,36.13,'2022-01-27 00:00:00',7),(3330,1197,'2022-01-27 00:00:00',1),(3331,189.34,'2022-01-28 00:00:00',6),(3332,1340.07,'2022-01-28 00:00:00',3),(3333,1609.53,'2022-01-28 00:00:00',8),(3334,154.35,'2022-01-28 00:00:00',4),(3335,1042.8,'2022-01-28 00:00:00',2),(3336,888.79,'2022-01-28 00:00:00',5),(3337,36.11,'2022-01-28 00:00:00',7),(3338,1202.4,'2022-01-28 00:00:00',1),(3339,189.59,'2022-02-03 00:00:00',6),(3340,1362.98,'2022-02-03 00:00:00',3),(3341,1636.56,'2022-02-03 00:00:00',8),(3342,154.66,'2022-02-03 00:00:00',4),(3343,1053.75,'2022-02-03 00:00:00',2),(3344,895.2,'2022-02-03 00:00:00',5),(3345,36.39,'2022-02-03 00:00:00',7),(3346,1205.7,'2022-02-03 00:00:00',1),(3347,189.39,'2022-02-04 00:00:00',6),(3348,1378.62,'2022-02-04 00:00:00',3),(3349,1639.34,'2022-02-04 00:00:00',8),(3350,154.67,'2022-02-04 00:00:00',4),(3351,1048.4,'2022-02-04 00:00:00',2),(3352,896.94,'2022-02-04 00:00:00',5),(3353,36.42,'2022-02-04 00:00:00',7),(3354,1205.4,'2022-02-04 00:00:00',1),(3355,188.82,'2022-02-07 00:00:00',6),(3356,1374.27,'2022-02-07 00:00:00',3),(3357,1623.28,'2022-02-07 00:00:00',8),(3358,154.01,'2022-02-07 00:00:00',4),(3359,1040.19,'2022-02-07 00:00:00',2),(3360,891.66,'2022-02-07 00:00:00',5),(3361,36.35,'2022-02-07 00:00:00',7),(3362,1199.5,'2022-02-07 00:00:00',1),(3363,188.52,'2022-02-08 00:00:00',6),(3364,1372.17,'2022-02-08 00:00:00',3),(3365,1623.27,'2022-02-08 00:00:00',8),(3366,153.92,'2022-02-08 00:00:00',4),(3367,1042.37,'2022-02-08 00:00:00',2),(3368,892.31,'2022-02-08 00:00:00',5),(3369,36.37,'2022-02-08 00:00:00',7),(3370,1199.4,'2022-02-08 00:00:00',1),(3371,188.31,'2022-02-09 00:00:00',6),(3372,1367.29,'2022-02-09 00:00:00',3),(3373,1622.42,'2022-02-09 00:00:00',8),(3374,153.68,'2022-02-09 00:00:00',4),(3375,1035.94,'2022-02-09 00:00:00',2),(3376,890.43,'2022-02-09 00:00:00',5),(3377,36.41,'2022-02-09 00:00:00',7),(3378,1197.8,'2022-02-09 00:00:00',1),(3379,187.81,'2022-02-10 00:00:00',6),(3380,1366.19,'2022-02-10 00:00:00',3),(3381,1618.79,'2022-02-10 00:00:00',8),(3382,153.51,'2022-02-10 00:00:00',4),(3383,1035.09,'2022-02-10 00:00:00',2),(3384,891.31,'2022-02-10 00:00:00',5),(3385,36.56,'2022-02-10 00:00:00',7),(3386,1196,'2022-02-10 00:00:00',1),(3387,187.96,'2022-02-11 00:00:00',6),(3388,1365.17,'2022-02-11 00:00:00',3),(3389,1621.24,'2022-02-11 00:00:00',8),(3390,153.43,'2022-02-11 00:00:00',4),(3391,1030.46,'2022-02-11 00:00:00',2),(3392,888.92,'2022-02-11 00:00:00',5),(3393,36.54,'2022-02-11 00:00:00',7),(3394,1196,'2022-02-11 00:00:00',1),(3395,188.44,'2022-02-14 00:00:00',6),(3396,1361.31,'2022-02-14 00:00:00',3),(3397,1626.42,'2022-02-14 00:00:00',8),(3398,153.77,'2022-02-14 00:00:00',4),(3399,1038.57,'2022-02-14 00:00:00',2),(3400,890.77,'2022-02-14 00:00:00',5),(3401,36.7,'2022-02-14 00:00:00',7),(3402,1199.6,'2022-02-14 00:00:00',1),(3403,188.31,'2022-02-15 00:00:00',6),(3404,1354.62,'2022-02-15 00:00:00',3),(3405,1621.48,'2022-02-15 00:00:00',8),(3406,153.58,'2022-02-15 00:00:00',4),(3407,1037.22,'2022-02-15 00:00:00',2),(3408,889.54,'2022-02-15 00:00:00',5),(3409,36.94,'2022-02-15 00:00:00',7),(3410,1198.3,'2022-02-15 00:00:00',1),(3411,188.45,'2022-02-16 00:00:00',6),(3412,1361.38,'2022-02-16 00:00:00',3),(3413,1623.25,'2022-02-16 00:00:00',8),(3414,153.62,'2022-02-16 00:00:00',4),(3415,1036.63,'2022-02-16 00:00:00',2),(3416,891.21,'2022-02-16 00:00:00',5),(3417,37.05,'2022-02-16 00:00:00',7),(3418,1198.5,'2022-02-16 00:00:00',1),(3419,188.81,'2022-02-17 00:00:00',6),(3420,1362.43,'2022-02-17 00:00:00',3),(3421,1626.35,'2022-02-17 00:00:00',8),(3422,153.43,'2022-02-17 00:00:00',4),(3423,1036.77,'2022-02-17 00:00:00',2),(3424,891.41,'2022-02-17 00:00:00',5),(3425,37.03,'2022-02-17 00:00:00',7),(3426,1196.9,'2022-02-17 00:00:00',1),(3427,189.01,'2022-02-18 00:00:00',6),(3428,1360.8,'2022-02-18 00:00:00',3),(3429,1630.45,'2022-02-18 00:00:00',8),(3430,153.49,'2022-02-18 00:00:00',4),(3431,1042.45,'2022-02-18 00:00:00',2),(3432,891.06,'2022-02-18 00:00:00',5),(3433,37.29,'2022-02-18 00:00:00',7),(3434,1197.1,'2022-02-18 00:00:00',1),(3435,188.86,'2022-02-21 00:00:00',6),(3436,1354.38,'2022-02-21 00:00:00',3),(3437,1626.39,'2022-02-21 00:00:00',8),(3438,153.38,'2022-02-21 00:00:00',4),(3439,1041.25,'2022-02-21 00:00:00',2),(3440,888.46,'2022-02-21 00:00:00',5),(3441,37.21,'2022-02-21 00:00:00',7),(3442,1196.4,'2022-02-21 00:00:00',1),(3443,189.1,'2022-02-22 00:00:00',6),(3444,1350.38,'2022-02-22 00:00:00',3),(3445,1624.66,'2022-02-22 00:00:00',8),(3446,153.12,'2022-02-22 00:00:00',4),(3447,1042.45,'2022-02-22 00:00:00',2),(3448,886.96,'2022-02-22 00:00:00',5),(3449,37.02,'2022-02-22 00:00:00',7),(3450,1194.6,'2022-02-22 00:00:00',1),(3451,188.58,'2022-02-23 00:00:00',6),(3452,1353.54,'2022-02-23 00:00:00',3),(3453,1623.66,'2022-02-23 00:00:00',8),(3454,153.13,'2022-02-23 00:00:00',4),(3455,1038.33,'2022-02-23 00:00:00',2),(3456,888.29,'2022-02-23 00:00:00',5),(3457,36.87,'2022-02-23 00:00:00',7),(3458,1194.7,'2022-02-23 00:00:00',1),(3459,188.51,'2022-02-24 00:00:00',6),(3460,1347.31,'2022-02-24 00:00:00',3),(3461,1614.52,'2022-02-24 00:00:00',8),(3462,152.74,'2022-02-24 00:00:00',4),(3463,1037.19,'2022-02-24 00:00:00',2),(3464,885.4,'2022-02-24 00:00:00',5),(3465,36.94,'2022-02-24 00:00:00',7),(3466,1192.1,'2022-02-24 00:00:00',1),(3467,189.68,'2022-02-25 00:00:00',6),(3468,1343.15,'2022-02-25 00:00:00',3),(3469,1605.1,'2022-02-25 00:00:00',8),(3470,153.62,'2022-02-25 00:00:00',4),(3471,1038.76,'2022-02-25 00:00:00',2),(3472,885.66,'2022-02-25 00:00:00',5),(3473,36.79,'2022-02-25 00:00:00',7),(3474,1199.4,'2022-02-25 00:00:00',1),(3475,190.41,'2022-02-28 00:00:00',6),(3476,1342.09,'2022-02-28 00:00:00',3),(3477,1605.12,'2022-02-28 00:00:00',8),(3478,154.03,'2022-02-28 00:00:00',4),(3479,1041.52,'2022-02-28 00:00:00',2),(3480,884.63,'2022-02-28 00:00:00',5),(3481,36.73,'2022-02-28 00:00:00',7),(3482,1202.7,'2022-02-28 00:00:00',1),(3483,190.83,'2022-03-02 00:00:00',6),(3484,1341.17,'2022-03-02 00:00:00',3),(3485,1606.64,'2022-03-02 00:00:00',8),(3486,154.24,'2022-03-02 00:00:00',4),(3487,1049.49,'2022-03-02 00:00:00',2),(3488,888.66,'2022-03-02 00:00:00',5),(3489,36.89,'2022-03-02 00:00:00',7),(3490,1205.6,'2022-03-02 00:00:00',1),(3491,190.85,'2022-03-03 00:00:00',6),(3492,1340.08,'2022-03-03 00:00:00',3),(3493,1615.3,'2022-03-03 00:00:00',8),(3494,154.22,'2022-03-03 00:00:00',4),(3495,1043.52,'2022-03-03 00:00:00',2),(3496,889.69,'2022-03-03 00:00:00',5),(3497,37.09,'2022-03-03 00:00:00',7),(3498,1205,'2022-03-03 00:00:00',1),(3499,190.37,'2022-03-04 00:00:00',6),(3500,1331.84,'2022-03-04 00:00:00',3),(3501,1606.32,'2022-03-04 00:00:00',8),(3502,154.01,'2022-03-04 00:00:00',4),(3503,1042.21,'2022-03-04 00:00:00',2),(3504,886.92,'2022-03-04 00:00:00',5),(3505,36.92,'2022-03-04 00:00:00',7),(3506,1203.6,'2022-03-04 00:00:00',1),(3507,191.63,'2022-03-07 00:00:00',6),(3508,1316.9,'2022-03-07 00:00:00',3),(3509,1600.21,'2022-03-07 00:00:00',8),(3510,155.05,'2022-03-07 00:00:00',4),(3511,1054.17,'2022-03-07 00:00:00',2),(3512,890.45,'2022-03-07 00:00:00',5),(3513,37.08,'2022-03-07 00:00:00',7),(3514,1211.5,'2022-03-07 00:00:00',1),(3515,193.82,'2022-03-08 00:00:00',6),(3516,1330.42,'2022-03-08 00:00:00',3),(3517,1606.13,'2022-03-08 00:00:00',8),(3518,156.73,'2022-03-08 00:00:00',4),(3519,1062.65,'2022-03-08 00:00:00',2),(3520,899.57,'2022-03-08 00:00:00',5),(3521,37.09,'2022-03-08 00:00:00',7),(3522,1225.4,'2022-03-08 00:00:00',1),(3523,195.37,'2022-03-10 00:00:00',6),(3524,1366.9,'2022-03-10 00:00:00',3),(3525,1627.32,'2022-03-10 00:00:00',8),(3526,157.88,'2022-03-10 00:00:00',4),(3527,1065.56,'2022-03-10 00:00:00',2),(3528,908.72,'2022-03-10 00:00:00',5),(3529,37.41,'2022-03-10 00:00:00',7),(3530,1234.5,'2022-03-10 00:00:00',1),(3531,194.35,'2022-03-11 00:00:00',6),(3532,1350.71,'2022-03-11 00:00:00',3),(3533,1608.43,'2022-03-11 00:00:00',8),(3534,157.07,'2022-03-11 00:00:00',4),(3535,1057.81,'2022-03-11 00:00:00',2),(3536,904.15,'2022-03-11 00:00:00',5),(3537,37.09,'2022-03-11 00:00:00',7),(3538,1228.7,'2022-03-11 00:00:00',1),(3539,194.87,'2022-03-14 00:00:00',6),(3540,1347.38,'2022-03-14 00:00:00',3),(3541,1607.79,'2022-03-14 00:00:00',8),(3542,157.42,'2022-03-14 00:00:00',4),(3543,1048.9,'2022-03-14 00:00:00',2),(3544,903.92,'2022-03-14 00:00:00',5),(3545,36.98,'2022-03-14 00:00:00',7),(3546,1232.4,'2022-03-14 00:00:00',1),(3547,194.77,'2022-03-15 00:00:00',6),(3548,1354.16,'2022-03-15 00:00:00',3),(3549,1611.05,'2022-03-15 00:00:00',8),(3550,158.2,'2022-03-15 00:00:00',4),(3551,1047.22,'2022-03-15 00:00:00',2),(3552,906.34,'2022-03-15 00:00:00',5),(3553,37.05,'2022-03-15 00:00:00',7),(3554,1238.6,'2022-03-15 00:00:00',1),(3555,194.25,'2022-03-16 00:00:00',6),(3556,1361.34,'2022-03-16 00:00:00',3),(3557,1619.74,'2022-03-16 00:00:00',8),(3558,158.65,'2022-03-16 00:00:00',4),(3559,1049.49,'2022-03-16 00:00:00',2),(3560,909.3,'2022-03-16 00:00:00',5),(3561,37.04,'2022-03-16 00:00:00',7),(3562,1241.7,'2022-03-16 00:00:00',1),(3563,194.7,'2022-03-17 00:00:00',6),(3564,1367.23,'2022-03-17 00:00:00',3),(3565,1629.58,'2022-03-17 00:00:00',8),(3566,158.6,'2022-03-17 00:00:00',4),(3567,1043.89,'2022-03-17 00:00:00',2),(3568,912.7,'2022-03-17 00:00:00',5),(3569,37.18,'2022-03-17 00:00:00',7),(3570,1240.4,'2022-03-17 00:00:00',1),(3571,192.05,'2022-03-18 00:00:00',6),(3572,1353.65,'2022-03-18 00:00:00',3),(3573,1605.46,'2022-03-18 00:00:00',8),(3574,156.13,'2022-03-18 00:00:00',4),(3575,1029.82,'2022-03-18 00:00:00',2),(3576,901.68,'2022-03-18 00:00:00',5),(3577,36.76,'2022-03-18 00:00:00',7),(3578,1220.6,'2022-03-18 00:00:00',1),(3579,190.5,'2022-03-21 00:00:00',6),(3580,1337.78,'2022-03-21 00:00:00',3),(3581,1595.02,'2022-03-21 00:00:00',8),(3582,154.79,'2022-03-21 00:00:00',4),(3583,1015.38,'2022-03-21 00:00:00',2),(3584,893.21,'2022-03-21 00:00:00',5),(3585,36.35,'2022-03-21 00:00:00',7),(3586,1211.1,'2022-03-21 00:00:00',1),(3587,190.32,'2022-03-22 00:00:00',6),(3588,1337.38,'2022-03-22 00:00:00',3),(3589,1597.96,'2022-03-22 00:00:00',8),(3590,155.1,'2022-03-22 00:00:00',4),(3591,1015.1,'2022-03-22 00:00:00',2),(3592,893.77,'2022-03-22 00:00:00',5),(3593,36.16,'2022-03-22 00:00:00',7),(3594,1213.7,'2022-03-22 00:00:00',1),(3595,191.59,'2022-03-23 00:00:00',6),(3596,1347.75,'2022-03-23 00:00:00',3),(3597,1620.68,'2022-03-23 00:00:00',8),(3598,156.05,'2022-03-23 00:00:00',4),(3599,1007.71,'2022-03-23 00:00:00',2),(3600,900.31,'2022-03-23 00:00:00',5),(3601,36.44,'2022-03-23 00:00:00',7),(3602,1221.4,'2022-03-23 00:00:00',1),(3603,190.01,'2022-03-24 00:00:00',6),(3604,1334.58,'2022-03-24 00:00:00',3),(3605,1601.19,'2022-03-24 00:00:00',8),(3606,155,'2022-03-24 00:00:00',4),(3607,1001.61,'2022-03-24 00:00:00',2),(3608,893.04,'2022-03-24 00:00:00',5),(3609,36.07,'2022-03-24 00:00:00',7),(3610,1212.7,'2022-03-24 00:00:00',1),(3611,190.91,'2022-03-25 00:00:00',6),(3612,1342.38,'2022-03-25 00:00:00',3),(3613,1609,'2022-03-25 00:00:00',8),(3614,155.85,'2022-03-25 00:00:00',4),(3615,996.53,'2022-03-25 00:00:00',2),(3616,898.3,'2022-03-25 00:00:00',5),(3617,36.39,'2022-03-25 00:00:00',7),(3618,1219.4,'2022-03-25 00:00:00',1),(3619,191.11,'2022-03-28 00:00:00',6),(3620,1337.69,'2022-03-28 00:00:00',3),(3621,1604.81,'2022-03-28 00:00:00',8),(3622,155.63,'2022-03-28 00:00:00',4),(3623,995.79,'2022-03-28 00:00:00',2),(3624,896.83,'2022-03-28 00:00:00',5),(3625,36.27,'2022-03-28 00:00:00',7),(3626,1218.3,'2022-03-28 00:00:00',1),(3627,191.83,'2022-03-29 00:00:00',6),(3628,1347.6,'2022-03-29 00:00:00',3),(3629,1605.97,'2022-03-29 00:00:00',8),(3630,156.56,'2022-03-29 00:00:00',4),(3631,988.27,'2022-03-29 00:00:00',2),(3632,900.69,'2022-03-29 00:00:00',5),(3633,36.28,'2022-03-29 00:00:00',7),(3634,1225.7,'2022-03-29 00:00:00',1),(3635,191.3,'2022-03-30 00:00:00',6),(3636,1353.9,'2022-03-30 00:00:00',3),(3637,1598.79,'2022-03-30 00:00:00',8),(3638,155.92,'2022-03-30 00:00:00',4),(3639,992.48,'2022-03-30 00:00:00',2),(3640,899.87,'2022-03-30 00:00:00',5),(3641,36.44,'2022-03-30 00:00:00',7),(3642,1220.5,'2022-03-30 00:00:00',1),(3643,190.02,'2022-03-31 00:00:00',6),(3644,1351.13,'2022-03-31 00:00:00',3),(3645,1590.81,'2022-03-31 00:00:00',8),(3646,154.69,'2022-03-31 00:00:00',4),(3647,992.74,'2022-03-31 00:00:00',2),(3648,895.13,'2022-03-31 00:00:00',5),(3649,36.34,'2022-03-31 00:00:00',7),(3650,1210.8,'2022-03-31 00:00:00',1),(3651,190.44,'2022-04-01 00:00:00',6),(3652,1340.55,'2022-04-01 00:00:00',3),(3653,1591.71,'2022-04-01 00:00:00',8),(3654,154.58,'2022-04-01 00:00:00',4),(3655,993.88,'2022-04-01 00:00:00',2),(3656,893.51,'2022-04-01 00:00:00',5),(3657,36.38,'2022-04-01 00:00:00',7),(3658,1210.7,'2022-04-01 00:00:00',1),(3659,191.27,'2022-04-04 00:00:00',6),(3660,1343.06,'2022-04-04 00:00:00',3),(3661,1593.82,'2022-04-04 00:00:00',8),(3662,155.22,'2022-04-04 00:00:00',4),(3663,991.64,'2022-04-04 00:00:00',2),(3664,896.27,'2022-04-04 00:00:00',5),(3665,36.31,'2022-04-04 00:00:00',7),(3666,1216.1,'2022-04-04 00:00:00',1),(3667,191.13,'2022-04-05 00:00:00',6),(3668,1335.08,'2022-04-05 00:00:00',3),(3669,1595.34,'2022-04-05 00:00:00',8),(3670,155.3,'2022-04-05 00:00:00',4),(3671,991,'2022-04-05 00:00:00',2),(3672,896.91,'2022-04-05 00:00:00',5),(3673,36.38,'2022-04-05 00:00:00',7),(3674,1216.7,'2022-04-05 00:00:00',1),(3675,190.3,'2022-04-06 00:00:00',6),(3676,1322.64,'2022-04-06 00:00:00',3),(3677,1585.84,'2022-04-06 00:00:00',8),(3678,154.8,'2022-04-06 00:00:00',4),(3679,981.11,'2022-04-06 00:00:00',2),(3680,892.14,'2022-04-06 00:00:00',5),(3681,36.14,'2022-04-06 00:00:00',7),(3682,1212.6,'2022-04-06 00:00:00',1),(3683,191.13,'2022-04-07 00:00:00',6),(3684,1328.39,'2022-04-07 00:00:00',3),(3685,1593.12,'2022-04-07 00:00:00',8),(3686,155.55,'2022-04-07 00:00:00',4),(3687,984.14,'2022-04-07 00:00:00',2),(3688,896.17,'2022-04-07 00:00:00',5),(3689,36.28,'2022-04-07 00:00:00',7),(3690,1219.1,'2022-04-07 00:00:00',1),(3691,191.41,'2022-04-08 00:00:00',6),(3692,1324.88,'2022-04-08 00:00:00',3),(3693,1592.76,'2022-04-08 00:00:00',8),(3694,155.48,'2022-04-08 00:00:00',4),(3695,981.47,'2022-04-08 00:00:00',2),(3696,894.87,'2022-04-08 00:00:00',5),(3697,36.38,'2022-04-08 00:00:00',7),(3698,1218.5,'2022-04-08 00:00:00',1),(3699,192.44,'2022-04-11 00:00:00',6),(3700,1333.24,'2022-04-11 00:00:00',3),(3701,1596.1,'2022-04-11 00:00:00',8),(3702,156.13,'2022-04-11 00:00:00',4),(3703,984.2,'2022-04-11 00:00:00',2),(3704,898.25,'2022-04-11 00:00:00',5),(3705,36.45,'2022-04-11 00:00:00',7),(3706,1224,'2022-04-11 00:00:00',1),(3707,193.2,'2022-04-12 00:00:00',6),(3708,1340.35,'2022-04-12 00:00:00',3),(3709,1604.99,'2022-04-12 00:00:00',8),(3710,157.18,'2022-04-12 00:00:00',4),(3711,982.03,'2022-04-12 00:00:00',2),(3712,902.43,'2022-04-12 00:00:00',5),(3713,36.63,'2022-04-12 00:00:00',7),(3714,1232,'2022-04-12 00:00:00',1),(3715,193.77,'2022-04-13 00:00:00',6),(3716,1338.87,'2022-04-13 00:00:00',3),(3717,1607.83,'2022-04-13 00:00:00',8),(3718,157.8,'2022-04-13 00:00:00',4),(3719,985.69,'2022-04-13 00:00:00',2),(3720,906.66,'2022-04-13 00:00:00',5),(3721,36.84,'2022-04-13 00:00:00',7),(3722,1236.6,'2022-04-13 00:00:00',1),(3723,192.34,'2022-04-14 00:00:00',6),(3724,1337.27,'2022-04-14 00:00:00',3),(3725,1610.56,'2022-04-14 00:00:00',8),(3726,156.61,'2022-04-14 00:00:00',4),(3727,977.82,'2022-04-14 00:00:00',2),(3728,901.13,'2022-04-14 00:00:00',5),(3729,36.64,'2022-04-14 00:00:00',7),(3730,1227.7,'2022-04-14 00:00:00',1),(3731,192.02,'2022-04-15 00:00:00',6),(3732,1325.2,'2022-04-15 00:00:00',3),(3733,1600.4,'2022-04-15 00:00:00',8),(3734,156.09,'2022-04-15 00:00:00',4),(3735,971.55,'2022-04-15 00:00:00',2),(3736,902.9,'2022-04-15 00:00:00',5),(3737,36.36,'2022-04-15 00:00:00',7),(3738,1224.2,'2022-04-15 00:00:00',1),(3739,192.79,'2022-04-18 00:00:00',6),(3740,1330.66,'2022-04-18 00:00:00',3),(3741,1606.14,'2022-04-18 00:00:00',8),(3742,156.83,'2022-04-18 00:00:00',4),(3743,971.91,'2022-04-18 00:00:00',2),(3744,906.02,'2022-04-18 00:00:00',5),(3745,36.6,'2022-04-18 00:00:00',7),(3746,1230.1,'2022-04-18 00:00:00',1),(3747,193.24,'2022-04-19 00:00:00',6),(3748,1328.84,'2022-04-19 00:00:00',3),(3749,1603.26,'2022-04-19 00:00:00',8),(3750,157.19,'2022-04-19 00:00:00',4),(3751,969.45,'2022-04-19 00:00:00',2),(3752,905.31,'2022-04-19 00:00:00',5),(3753,36.57,'2022-04-19 00:00:00',7),(3754,1232.8,'2022-04-19 00:00:00',1),(3755,193.45,'2022-04-20 00:00:00',6),(3756,1332.33,'2022-04-20 00:00:00',3),(3757,1605.99,'2022-04-20 00:00:00',8),(3758,157.46,'2022-04-20 00:00:00',4),(3759,956.06,'2022-04-20 00:00:00',2),(3760,902.94,'2022-04-20 00:00:00',5),(3761,36.54,'2022-04-20 00:00:00',7),(3762,1234.9,'2022-04-20 00:00:00',1),(3763,192.58,'2022-04-21 00:00:00',6),(3764,1342.75,'2022-04-21 00:00:00',3),(3765,1617.2,'2022-04-21 00:00:00',8),(3766,157.71,'2022-04-21 00:00:00',4),(3767,967.13,'2022-04-21 00:00:00',2),(3768,907.46,'2022-04-21 00:00:00',5),(3769,36.63,'2022-04-21 00:00:00',7),(3770,1237.1,'2022-04-21 00:00:00',1),(3771,191.43,'2022-04-22 00:00:00',6),(3772,1339.76,'2022-04-22 00:00:00',3),(3773,1611.28,'2022-04-22 00:00:00',8),(3774,157.61,'2022-04-22 00:00:00',4),(3775,963.42,'2022-04-22 00:00:00',2),(3776,905.89,'2022-04-22 00:00:00',5),(3777,36.48,'2022-04-22 00:00:00',7),(3778,1236.4,'2022-04-22 00:00:00',1),(3779,191.55,'2022-04-25 00:00:00',6),(3780,1342.03,'2022-04-25 00:00:00',3),(3781,1593.04,'2022-04-25 00:00:00',8),(3782,158.24,'2022-04-25 00:00:00',4),(3783,964.61,'2022-04-25 00:00:00',2),(3784,906.25,'2022-04-25 00:00:00',5),(3785,36.54,'2022-04-25 00:00:00',7),(3786,1241.7,'2022-04-25 00:00:00',1),(3787,189.83,'2022-04-26 00:00:00',6),(3788,1335.52,'2022-04-26 00:00:00',3),(3789,1588.49,'2022-04-26 00:00:00',8),(3790,158.92,'2022-04-26 00:00:00',4),(3791,974.03,'2022-04-26 00:00:00',2),(3792,907.61,'2022-04-26 00:00:00',5),(3793,36.57,'2022-04-26 00:00:00',7),(3794,1247.1,'2022-04-26 00:00:00',1),(3795,190.2,'2022-04-27 00:00:00',6),(3796,1328.82,'2022-04-27 00:00:00',3),(3797,1570.24,'2022-04-27 00:00:00',8),(3798,159.1,'2022-04-27 00:00:00',4),(3799,980.79,'2022-04-27 00:00:00',2),(3800,905.39,'2022-04-27 00:00:00',5),(3801,36.39,'2022-04-27 00:00:00',7),(3802,1248.3,'2022-04-27 00:00:00',1),(3803,191.67,'2022-04-28 00:00:00',6),(3804,1332.7,'2022-04-28 00:00:00',3),(3805,1583.42,'2022-04-28 00:00:00',8),(3806,160.98,'2022-04-28 00:00:00',4),(3807,982.92,'2022-04-28 00:00:00',2),(3808,914.66,'2022-04-28 00:00:00',5),(3809,36.74,'2022-04-28 00:00:00',7),(3810,1263.1,'2022-04-28 00:00:00',1),(3811,192.03,'2022-04-29 00:00:00',6),(3812,1332.74,'2022-04-29 00:00:00',3),(3813,1581.86,'2022-04-29 00:00:00',8),(3814,161.78,'2022-04-29 00:00:00',4),(3815,970.16,'2022-04-29 00:00:00',2),(3816,915.31,'2022-04-29 00:00:00',5),(3817,36.86,'2022-04-29 00:00:00',7),(3818,1269.4,'2022-04-29 00:00:00',1),(3819,189.91,'2022-05-02 00:00:00',6),(3820,1334.74,'2022-05-02 00:00:00',3),(3821,1592.06,'2022-05-02 00:00:00',8),(3822,161.26,'2022-05-02 00:00:00',4),(3823,973.35,'2022-05-02 00:00:00',2),(3824,914.77,'2022-05-02 00:00:00',5),(3825,36.9,'2022-05-02 00:00:00',7),(3826,1265.4,'2022-05-02 00:00:00',1),(3827,189.55,'2022-05-03 00:00:00',6),(3828,1330.1,'2022-05-03 00:00:00',3),(3829,1581.55,'2022-05-03 00:00:00',8),(3830,161.29,'2022-05-03 00:00:00',4),(3831,972.23,'2022-05-03 00:00:00',2),(3832,913.51,'2022-05-03 00:00:00',5),(3833,36.73,'2022-05-03 00:00:00',7),(3834,1265.8,'2022-05-03 00:00:00',1),(3835,189.51,'2022-05-04 00:00:00',6),(3836,1331.9,'2022-05-04 00:00:00',3),(3837,1581.75,'2022-05-04 00:00:00',8),(3838,161.28,'2022-05-04 00:00:00',4),(3839,972.75,'2022-05-04 00:00:00',2),(3840,914.36,'2022-05-04 00:00:00',5),(3841,36.85,'2022-05-04 00:00:00',7),(3842,1265.7,'2022-05-04 00:00:00',1),(3843,189.72,'2022-05-06 00:00:00',6),(3844,1330.13,'2022-05-06 00:00:00',3),(3845,1560.4,'2022-05-06 00:00:00',8),(3846,160.75,'2022-05-06 00:00:00',4),(3847,968.94,'2022-05-06 00:00:00',2),(3848,911.38,'2022-05-06 00:00:00',5),(3849,36.76,'2022-05-06 00:00:00',7),(3850,1261.8,'2022-05-06 00:00:00',1),(3851,189.74,'2022-05-09 00:00:00',6),(3852,1340.92,'2022-05-09 00:00:00',3),(3853,1569.94,'2022-05-09 00:00:00',8),(3854,162.13,'2022-05-09 00:00:00',4),(3855,973.87,'2022-05-09 00:00:00',2),(3856,917.43,'2022-05-09 00:00:00',5),(3857,37.04,'2022-05-09 00:00:00',7),(3858,1272.7,'2022-05-09 00:00:00',1),(3859,188.87,'2022-05-10 00:00:00',6),(3860,1345.85,'2022-05-10 00:00:00',3),(3861,1571.71,'2022-05-10 00:00:00',8),(3862,162.38,'2022-05-10 00:00:00',4),(3863,977.57,'2022-05-10 00:00:00',2),(3864,916.39,'2022-05-10 00:00:00',5),(3865,36.84,'2022-05-10 00:00:00',7),(3866,1274.6,'2022-05-10 00:00:00',1),(3867,189.34,'2022-05-11 00:00:00',6),(3868,1343.55,'2022-05-11 00:00:00',3),(3869,1570.91,'2022-05-11 00:00:00',8),(3870,162.49,'2022-05-11 00:00:00',4),(3871,978.48,'2022-05-11 00:00:00',2),(3872,916.93,'2022-05-11 00:00:00',5),(3873,36.84,'2022-05-11 00:00:00',7),(3874,1275.5,'2022-05-11 00:00:00',1),(3875,189.27,'2022-05-12 00:00:00',6),(3876,1343.02,'2022-05-12 00:00:00',3),(3877,1563.75,'2022-05-12 00:00:00',8),(3878,162.68,'2022-05-12 00:00:00',4),(3879,982.95,'2022-05-12 00:00:00',2),(3880,918.8,'2022-05-12 00:00:00',5),(3881,36.86,'2022-05-12 00:00:00',7),(3882,1277,'2022-05-12 00:00:00',1),(3883,189.87,'2022-05-13 00:00:00',6),(3884,1335.35,'2022-05-13 00:00:00',3),(3885,1569.73,'2022-05-13 00:00:00',8),(3886,163.87,'2022-05-13 00:00:00',4),(3887,1000.58,'2022-05-13 00:00:00',2),(3888,921,'2022-05-13 00:00:00',5),(3889,37.05,'2022-05-13 00:00:00',7),(3890,1286.4,'2022-05-13 00:00:00',1),(3891,188.43,'2022-05-16 00:00:00',6),(3892,1337.7,'2022-05-16 00:00:00',3),(3893,1575.22,'2022-05-16 00:00:00',8),(3894,163.82,'2022-05-16 00:00:00',4),(3895,993.86,'2022-05-16 00:00:00',2),(3896,922.82,'2022-05-16 00:00:00',5),(3897,37.04,'2022-05-16 00:00:00',7),(3898,1286,'2022-05-16 00:00:00',1),(3899,188.53,'2022-05-17 00:00:00',6),(3900,1337.48,'2022-05-17 00:00:00',3),(3901,1579.64,'2022-05-17 00:00:00',8),(3902,163.26,'2022-05-17 00:00:00',4),(3903,993.3,'2022-05-17 00:00:00',2),(3904,920.99,'2022-05-17 00:00:00',5),(3905,36.89,'2022-05-17 00:00:00',7),(3906,1281.6,'2022-05-17 00:00:00',1),(3907,188.28,'2022-05-18 00:00:00',6),(3908,1347.25,'2022-05-18 00:00:00',3),(3909,1594.97,'2022-05-18 00:00:00',8),(3910,162.71,'2022-05-18 00:00:00',4),(3911,986.67,'2022-05-18 00:00:00',2),(3912,922.53,'2022-05-18 00:00:00',5),(3913,37.01,'2022-05-18 00:00:00',7),(3914,1277.2,'2022-05-18 00:00:00',1),(3915,187.94,'2022-05-19 00:00:00',6),(3916,1329.21,'2022-05-19 00:00:00',3),(3917,1567.2,'2022-05-19 00:00:00',8),(3918,161.72,'2022-05-19 00:00:00',4),(3919,988.98,'2022-05-19 00:00:00',2),(3920,912.44,'2022-05-19 00:00:00',5),(3921,36.64,'2022-05-19 00:00:00',7),(3922,1269.3,'2022-05-19 00:00:00',1),(3923,188.13,'2022-05-20 00:00:00',6),(3924,1348.59,'2022-05-20 00:00:00',3),(3925,1589.17,'2022-05-20 00:00:00',8),(3926,162.42,'2022-05-20 00:00:00',4),(3927,997.61,'2022-05-20 00:00:00',2),(3928,923.39,'2022-05-20 00:00:00',5),(3929,36.99,'2022-05-20 00:00:00',7),(3930,1274.6,'2022-05-20 00:00:00',1),(3931,188.93,'2022-05-23 00:00:00',6),(3932,1342.75,'2022-05-23 00:00:00',3),(3933,1587.89,'2022-05-23 00:00:00',8),(3934,161.75,'2022-05-23 00:00:00',4),(3935,992.69,'2022-05-23 00:00:00',2),(3936,921.06,'2022-05-23 00:00:00',5),(3937,36.91,'2022-05-23 00:00:00',7),(3938,1269.5,'2022-05-23 00:00:00',1),(3939,189.66,'2022-05-24 00:00:00',6),(3940,1354.28,'2022-05-24 00:00:00',3),(3941,1594.2,'2022-05-24 00:00:00',8),(3942,161.51,'2022-05-24 00:00:00',4),(3943,991.79,'2022-05-24 00:00:00',2),(3944,922.63,'2022-05-24 00:00:00',5),(3945,37.11,'2022-05-24 00:00:00',7),(3946,1267.7,'2022-05-24 00:00:00',1),(3947,189.48,'2022-05-25 00:00:00',6),(3948,1357.23,'2022-05-25 00:00:00',3),(3949,1586.19,'2022-05-25 00:00:00',8),(3950,161.07,'2022-05-25 00:00:00',4),(3951,996.57,'2022-05-25 00:00:00',2),(3952,922.01,'2022-05-25 00:00:00',5),(3953,37.08,'2022-05-25 00:00:00',7),(3954,1264.3,'2022-05-25 00:00:00',1),(3955,189.29,'2022-05-26 00:00:00',6),(3956,1350.85,'2022-05-26 00:00:00',3),(3957,1590.75,'2022-05-26 00:00:00',8),(3958,160.94,'2022-05-26 00:00:00',4),(3959,992.97,'2022-05-26 00:00:00',2),(3960,918.83,'2022-05-26 00:00:00',5),(3961,36.91,'2022-05-26 00:00:00',7),(3962,1263.3,'2022-05-26 00:00:00',1),(3963,187.88,'2022-05-27 00:00:00',6),(3964,1359.35,'2022-05-27 00:00:00',3),(3965,1597.12,'2022-05-27 00:00:00',8),(3966,161.34,'2022-05-27 00:00:00',4),(3967,996.5,'2022-05-27 00:00:00',2),(3968,922.59,'2022-05-27 00:00:00',5),(3969,36.98,'2022-05-27 00:00:00',7),(3970,1266.4,'2022-05-27 00:00:00',1),(3971,185.74,'2022-05-30 00:00:00',6),(3972,1348.53,'2022-05-30 00:00:00',3),(3973,1587.21,'2022-05-30 00:00:00',8),(3974,160.13,'2022-05-30 00:00:00',4),(3975,988.01,'2022-05-30 00:00:00',2),(3976,917.95,'2022-05-30 00:00:00',5),(3977,36.84,'2022-05-30 00:00:00',7),(3978,1256.9,'2022-05-30 00:00:00',1),(3979,186.4,'2022-05-31 00:00:00',6),(3980,1342.29,'2022-05-31 00:00:00',3),(3981,1575.69,'2022-05-31 00:00:00',8),(3982,158.73,'2022-05-31 00:00:00',4),(3983,975.61,'2022-05-31 00:00:00',2),(3984,911.64,'2022-05-31 00:00:00',5),(3985,36.57,'2022-05-31 00:00:00',7),(3986,1245.8,'2022-05-31 00:00:00',1),(3987,185.3,'2022-06-02 00:00:00',6),(3988,1319.14,'2022-06-02 00:00:00',3),(3989,1546.14,'2022-06-02 00:00:00',8),(3990,157.8,'2022-06-02 00:00:00',4),(3991,951.41,'2022-06-02 00:00:00',2),(3992,900.92,'2022-06-02 00:00:00',5),(3993,36.05,'2022-06-02 00:00:00',7),(3994,1238.4,'2022-06-02 00:00:00',1),(3995,186.69,'2022-06-03 00:00:00',6),(3996,1345.04,'2022-06-03 00:00:00',3),(3997,1573.82,'2022-06-03 00:00:00',8),(3998,159.49,'2022-06-03 00:00:00',4),(3999,963.31,'2022-06-03 00:00:00',2),(4000,912.92,'2022-06-03 00:00:00',5),(4001,36.52,'2022-06-03 00:00:00',7),(4002,1251.2,'2022-06-03 00:00:00',1),(4003,187.04,'2022-06-07 00:00:00',6),(4004,1327.05,'2022-06-07 00:00:00',3),(4005,1554.54,'2022-06-07 00:00:00',8),(4006,158.21,'2022-06-07 00:00:00',4),(4007,940.19,'2022-06-07 00:00:00',2),(4008,901.47,'2022-06-07 00:00:00',5),(4009,36.06,'2022-06-07 00:00:00',7),(4010,1241.1,'2022-06-07 00:00:00',1),(4011,188.4,'2022-06-08 00:00:00',6),(4012,1345.79,'2022-06-08 00:00:00',3),(4013,1583.44,'2022-06-08 00:00:00',8),(4014,160.22,'2022-06-08 00:00:00',4),(4015,947,'2022-06-08 00:00:00',2),(4016,915.05,'2022-06-08 00:00:00',5),(4017,36.5,'2022-06-08 00:00:00',7),(4018,1257.1,'2022-06-08 00:00:00',1),(4019,188.1,'2022-06-09 00:00:00',6),(4020,1345.66,'2022-06-09 00:00:00',3),(4021,1574.33,'2022-06-09 00:00:00',8),(4022,159.97,'2022-06-09 00:00:00',4),(4023,934.18,'2022-06-09 00:00:00',2),(4024,912.42,'2022-06-09 00:00:00',5),(4025,36.38,'2022-06-09 00:00:00',7),(4026,1255.4,'2022-06-09 00:00:00',1),(4027,188.02,'2022-06-10 00:00:00',6),(4028,1335.07,'2022-06-10 00:00:00',3),(4029,1570.49,'2022-06-10 00:00:00',8),(4030,160.23,'2022-06-10 00:00:00',4),(4031,935.4,'2022-06-10 00:00:00',2),(4032,909,'2022-06-10 00:00:00',5),(4033,36.36,'2022-06-10 00:00:00',7),(4034,1257.6,'2022-06-10 00:00:00',1),(4035,189,'2022-06-13 00:00:00',6),(4036,1330.25,'2022-06-13 00:00:00',3),(4037,1556.61,'2022-06-13 00:00:00',8),(4038,161.28,'2022-06-13 00:00:00',4),(4039,939.97,'2022-06-13 00:00:00',2),(4040,911.09,'2022-06-13 00:00:00',5),(4041,36.41,'2022-06-13 00:00:00',7),(4042,1266,'2022-06-13 00:00:00',1),(4043,190.6,'2022-06-14 00:00:00',6),(4044,1339.05,'2022-06-14 00:00:00',3),(4045,1560.69,'2022-06-14 00:00:00',8),(4046,163.82,'2022-06-14 00:00:00',4),(4047,957.88,'2022-06-14 00:00:00',2),(4048,922.59,'2022-06-14 00:00:00',5),(4049,36.85,'2022-06-14 00:00:00',7),(4050,1286,'2022-06-14 00:00:00',1),(4051,190.96,'2022-06-15 00:00:00',6),(4052,1345.22,'2022-06-15 00:00:00',3),(4053,1548.8,'2022-06-15 00:00:00',8),(4054,164.29,'2022-06-15 00:00:00',4),(4055,953.32,'2022-06-15 00:00:00',2),(4056,925.54,'2022-06-15 00:00:00',5),(4057,36.83,'2022-06-15 00:00:00',7),(4058,1289.7,'2022-06-15 00:00:00',1),(4059,191.98,'2022-06-16 00:00:00',6),(4060,1348.89,'2022-06-16 00:00:00',3),(4061,1570.35,'2022-06-16 00:00:00',8),(4062,164.51,'2022-06-16 00:00:00',4),(4063,963.12,'2022-06-16 00:00:00',2),(4064,930.83,'2022-06-16 00:00:00',5),(4065,37.09,'2022-06-16 00:00:00',7),(4066,1291.3,'2022-06-16 00:00:00',1),(4067,191.62,'2022-06-17 00:00:00',6),(4068,1354.6,'2022-06-17 00:00:00',3),(4069,1585.41,'2022-06-17 00:00:00',8),(4070,163.59,'2022-06-17 00:00:00',4),(4071,968.73,'2022-06-17 00:00:00',2),(4072,928.09,'2022-06-17 00:00:00',5),(4073,36.68,'2022-06-17 00:00:00',7),(4074,1284.1,'2022-06-17 00:00:00',1),(4075,192.12,'2022-06-20 00:00:00',6),(4076,1350.59,'2022-06-20 00:00:00',3),(4077,1573.2,'2022-06-20 00:00:00',8),(4078,164.02,'2022-06-20 00:00:00',4),(4079,952.4,'2022-06-20 00:00:00',2),(4080,927.16,'2022-06-20 00:00:00',5),(4081,36.52,'2022-06-20 00:00:00',7),(4082,1287.5,'2022-06-20 00:00:00',1),(4083,193.18,'2022-06-21 00:00:00',6),(4084,1358.55,'2022-06-21 00:00:00',3),(4085,1582.85,'2022-06-21 00:00:00',8),(4086,164.55,'2022-06-21 00:00:00',4),(4087,955.93,'2022-06-21 00:00:00',2),(4088,930.38,'2022-06-21 00:00:00',5),(4089,36.56,'2022-06-21 00:00:00',7),(4090,1291.7,'2022-06-21 00:00:00',1),(4091,193.11,'2022-06-22 00:00:00',6),(4092,1359.45,'2022-06-22 00:00:00',3),(4093,1584.15,'2022-06-22 00:00:00',8),(4094,164.41,'2022-06-22 00:00:00',4),(4095,945.63,'2022-06-22 00:00:00',2),(4096,931.34,'2022-06-22 00:00:00',5),(4097,36.54,'2022-06-22 00:00:00',7),(4098,1290.6,'2022-06-22 00:00:00',1),(4099,192.99,'2022-06-23 00:00:00',6),(4100,1369.23,'2022-06-23 00:00:00',3),(4101,1588.53,'2022-06-23 00:00:00',8),(4102,165.06,'2022-06-23 00:00:00',4),(4103,951.78,'2022-06-23 00:00:00',2),(4104,934.31,'2022-06-23 00:00:00',5),(4105,36.6,'2022-06-23 00:00:00',7),(4106,1295.7,'2022-06-23 00:00:00',1),(4107,193.77,'2022-06-24 00:00:00',6),(4108,1369.25,'2022-06-24 00:00:00',3),(4109,1595.63,'2022-06-24 00:00:00',8),(4110,165.71,'2022-06-24 00:00:00',4),(4111,964.66,'2022-06-24 00:00:00',2),(4112,935.59,'2022-06-24 00:00:00',5),(4113,36.62,'2022-06-24 00:00:00',7),(4114,1300.7,'2022-06-24 00:00:00',1),(4115,193.97,'2022-06-27 00:00:00',6),(4116,1373.86,'2022-06-27 00:00:00',3),(4117,1597.48,'2022-06-27 00:00:00',8),(4118,165.54,'2022-06-27 00:00:00',4),(4119,961.27,'2022-06-27 00:00:00',2),(4120,937.75,'2022-06-27 00:00:00',5),(4121,36.61,'2022-06-27 00:00:00',7),(4122,1299.4,'2022-06-27 00:00:00',1),(4123,192.07,'2022-06-28 00:00:00',6),(4124,1360.04,'2022-06-28 00:00:00',3),(4125,1577.11,'2022-06-28 00:00:00',8),(4126,163.83,'2022-06-28 00:00:00',4),(4127,949.87,'2022-06-28 00:00:00',2),(4128,927.73,'2022-06-28 00:00:00',5),(4129,36.33,'2022-06-28 00:00:00',7),(4130,1285.6,'2022-06-28 00:00:00',1),(4131,191.92,'2022-06-29 00:00:00',6),(4132,1352.49,'2022-06-29 00:00:00',3),(4133,1565.97,'2022-06-29 00:00:00',8),(4134,163.76,'2022-06-29 00:00:00',4),(4135,944.26,'2022-06-29 00:00:00',2),(4136,925.89,'2022-06-29 00:00:00',5),(4137,36.52,'2022-06-29 00:00:00',7),(4138,1284.9,'2022-06-29 00:00:00',1),(4139,192.75,'2022-06-30 00:00:00',6),(4140,1350.05,'2022-06-30 00:00:00',3),(4141,1567.32,'2022-06-30 00:00:00',8),(4142,164.77,'2022-06-30 00:00:00',4),(4143,946.45,'2022-06-30 00:00:00',2),(4144,927.97,'2022-06-30 00:00:00',5),(4145,36.73,'2022-06-30 00:00:00',7),(4146,1292.9,'2022-06-30 00:00:00',1),(4147,193.89,'2022-07-01 00:00:00',6),(4148,1361.87,'2022-07-01 00:00:00',3),(4149,1581.14,'2022-07-01 00:00:00',8),(4150,165.64,'2022-07-01 00:00:00',4),(4151,957.18,'2022-07-01 00:00:00',2),(4152,935.01,'2022-07-01 00:00:00',5),(4153,36.81,'2022-07-01 00:00:00',7),(4154,1299.8,'2022-07-01 00:00:00',1),(4155,193.06,'2022-07-04 00:00:00',6),(4156,1350.37,'2022-07-04 00:00:00',3),(4157,1566.95,'2022-07-04 00:00:00',8),(4158,164.93,'2022-07-04 00:00:00',4),(4159,957.14,'2022-07-04 00:00:00',2),(4160,927.28,'2022-07-04 00:00:00',5),(4161,36.36,'2022-07-04 00:00:00',7),(4162,1294.2,'2022-07-04 00:00:00',1),(4163,193.79,'2022-07-05 00:00:00',6),(4164,1354.1,'2022-07-05 00:00:00',3),(4165,1572.41,'2022-07-05 00:00:00',8),(4166,165.42,'2022-07-05 00:00:00',4),(4167,955.43,'2022-07-05 00:00:00',2),(4168,929.99,'2022-07-05 00:00:00',5),(4169,36.36,'2022-07-05 00:00:00',7),(4170,1297.9,'2022-07-05 00:00:00',1),(4171,194.16,'2022-07-06 00:00:00',6),(4172,1332.72,'2022-07-06 00:00:00',3),(4173,1551.95,'2022-07-06 00:00:00',8),(4174,165.42,'2022-07-06 00:00:00',4),(4175,957.05,'2022-07-06 00:00:00',2),(4176,923.71,'2022-07-06 00:00:00',5),(4177,36.11,'2022-07-06 00:00:00',7),(4178,1298,'2022-07-06 00:00:00',1),(4179,194.76,'2022-07-07 00:00:00',6),(4180,1331.33,'2022-07-07 00:00:00',3),(4181,1558.81,'2022-07-07 00:00:00',8),(4182,166.61,'2022-07-07 00:00:00',4),(4183,960.93,'2022-07-07 00:00:00',2),(4184,930.73,'2022-07-07 00:00:00',5),(4185,36.12,'2022-07-07 00:00:00',7),(4186,1307.4,'2022-07-07 00:00:00',1),(4187,194.25,'2022-07-08 00:00:00',6),(4188,1324,'2022-07-08 00:00:00',3),(4189,1565.91,'2022-07-08 00:00:00',8),(4190,166,'2022-07-08 00:00:00',4),(4191,958.11,'2022-07-08 00:00:00',2),(4192,930.03,'2022-07-08 00:00:00',5),(4193,36.14,'2022-07-08 00:00:00',7),(4194,1302.7,'2022-07-08 00:00:00',1),(4195,193.94,'2022-07-11 00:00:00',6),(4196,1321.91,'2022-07-11 00:00:00',3),(4197,1562.86,'2022-07-11 00:00:00',8),(4198,165.54,'2022-07-11 00:00:00',4),(4199,954,'2022-07-11 00:00:00',2),(4200,929.03,'2022-07-11 00:00:00',5),(4201,36.23,'2022-07-11 00:00:00',7),(4202,1299.3,'2022-07-11 00:00:00',1),(4203,194.05,'2022-07-12 00:00:00',6),(4204,1306.52,'2022-07-12 00:00:00',3),(4205,1547.39,'2022-07-12 00:00:00',8),(4206,165.69,'2022-07-12 00:00:00',4),(4207,947.1,'2022-07-12 00:00:00',2),(4208,925.36,'2022-07-12 00:00:00',5),(4209,35.87,'2022-07-12 00:00:00',7),(4210,1300.6,'2022-07-12 00:00:00',1),(4211,194.86,'2022-07-13 00:00:00',6),(4212,1316.71,'2022-07-13 00:00:00',3),(4213,1559.73,'2022-07-13 00:00:00',8),(4214,167.25,'2022-07-13 00:00:00',4),(4215,959.06,'2022-07-13 00:00:00',2),(4216,932.56,'2022-07-13 00:00:00',5),(4217,36.26,'2022-07-13 00:00:00',7),(4218,1312.9,'2022-07-13 00:00:00',1),(4219,193.79,'2022-07-14 00:00:00',6),(4220,1312.63,'2022-07-14 00:00:00',3),(4221,1551.28,'2022-07-14 00:00:00',8),(4222,166.37,'2022-07-14 00:00:00',4),(4223,949.99,'2022-07-14 00:00:00',2),(4224,928.81,'2022-07-14 00:00:00',5),(4225,36.05,'2022-07-14 00:00:00',7),(4226,1305.9,'2022-07-14 00:00:00',1),(4227,194.44,'2022-07-15 00:00:00',6),(4228,1312.49,'2022-07-15 00:00:00',3),(4229,1549.6,'2022-07-15 00:00:00',8),(4230,166.88,'2022-07-15 00:00:00',4),(4231,942.24,'2022-07-15 00:00:00',2),(4232,933.35,'2022-07-15 00:00:00',5),(4233,35.82,'2022-07-15 00:00:00',7),(4234,1310,'2022-07-15 00:00:00',1),(4235,195.56,'2022-07-18 00:00:00',6),(4236,1335.08,'2022-07-18 00:00:00',3),(4237,1571.56,'2022-07-18 00:00:00',8),(4238,168.63,'2022-07-18 00:00:00',4),(4239,956.19,'2022-07-18 00:00:00',2),(4240,946.11,'2022-07-18 00:00:00',5),(4241,36.13,'2022-07-18 00:00:00',7),(4242,1323.7,'2022-07-18 00:00:00',1),(4243,194.78,'2022-07-19 00:00:00',6),(4244,1336.25,'2022-07-19 00:00:00',3),(4245,1574.44,'2022-07-19 00:00:00',8),(4246,167.88,'2022-07-19 00:00:00',4),(4247,953.51,'2022-07-19 00:00:00',2),(4248,942.97,'2022-07-19 00:00:00',5),(4249,35.95,'2022-07-19 00:00:00',7),(4250,1317.8,'2022-07-19 00:00:00',1),(4251,194.82,'2022-07-20 00:00:00',6),(4252,1345.73,'2022-07-20 00:00:00',3),(4253,1578.54,'2022-07-20 00:00:00',8),(4254,167.5,'2022-07-20 00:00:00',4),(4255,951.34,'2022-07-20 00:00:00',2),(4256,944.85,'2022-07-20 00:00:00',5),(4257,35.93,'2022-07-20 00:00:00',7),(4258,1314.9,'2022-07-20 00:00:00',1),(4259,193.88,'2022-07-21 00:00:00',6),(4260,1332.42,'2022-07-21 00:00:00',3),(4261,1566.72,'2022-07-21 00:00:00',8),(4262,166.7,'2022-07-21 00:00:00',4),(4263,946.14,'2022-07-21 00:00:00',2),(4264,939.04,'2022-07-21 00:00:00',5),(4265,35.65,'2022-07-21 00:00:00',7),(4266,1308.6,'2022-07-21 00:00:00',1),(4267,194.01,'2022-07-22 00:00:00',6),(4268,1341.69,'2022-07-22 00:00:00',3),(4269,1574.06,'2022-07-22 00:00:00',8),(4270,167.17,'2022-07-22 00:00:00',4),(4271,956.17,'2022-07-22 00:00:00',2),(4272,943.99,'2022-07-22 00:00:00',5),(4273,35.68,'2022-07-22 00:00:00',7),(4274,1312.1,'2022-07-22 00:00:00',1),(4275,193.74,'2022-07-25 00:00:00',6),(4276,1339.38,'2022-07-25 00:00:00',3),(4277,1573.65,'2022-07-25 00:00:00',8),(4278,167.1,'2022-07-25 00:00:00',4),(4279,962.26,'2022-07-25 00:00:00',2),(4280,944.45,'2022-07-25 00:00:00',5),(4281,35.78,'2022-07-25 00:00:00',7),(4282,1311.7,'2022-07-25 00:00:00',1),(4283,193.71,'2022-07-26 00:00:00',6),(4284,1339.78,'2022-07-26 00:00:00',3),(4285,1579.95,'2022-07-26 00:00:00',8),(4286,167.02,'2022-07-26 00:00:00',4),(4287,960.47,'2022-07-26 00:00:00',2),(4288,945.51,'2022-07-26 00:00:00',5),(4289,35.71,'2022-07-26 00:00:00',7),(4290,1311,'2022-07-26 00:00:00',1),(4291,193.84,'2022-07-27 00:00:00',6),(4292,1327.16,'2022-07-27 00:00:00',3),(4293,1577.17,'2022-07-27 00:00:00',8),(4294,166.89,'2022-07-27 00:00:00',4),(4295,957.15,'2022-07-27 00:00:00',2),(4296,942.89,'2022-07-27 00:00:00',5),(4297,35.66,'2022-07-27 00:00:00',7),(4298,1310,'2022-07-27 00:00:00',1),(4299,194.14,'2022-07-28 00:00:00',6),(4300,1339.65,'2022-07-28 00:00:00',3),(4301,1596.36,'2022-07-28 00:00:00',8),(4302,167.25,'2022-07-28 00:00:00',4),(4303,962.57,'2022-07-28 00:00:00',2),(4304,949.69,'2022-07-28 00:00:00',5),(4305,35.79,'2022-07-28 00:00:00',7),(4306,1312.8,'2022-07-28 00:00:00',1),(4315,1361,'2023-10-03 00:00:00',1),(4316,185.68,'2023-10-03 00:00:00',6),(4317,989.35,'2023-10-03 00:00:00',5),(4318,906.94,'2023-10-03 00:00:00',2),(4319,1422.93,'2023-10-03 00:00:00',3),(4320,173.79,'2023-10-03 00:00:00',4),(4321,36.65,'2023-10-03 00:00:00',7),(4322,1642.11,'2023-10-03 00:00:00',8),(4323,1356,'2023-10-04 00:00:00',1),(4324,185.27,'2023-10-04 00:00:00',6),(4325,988.52,'2023-10-04 00:00:00',5),(4326,910.46,'2023-10-04 00:00:00',2),(4327,1424.48,'2023-10-04 00:00:00',3),(4328,173.22,'2023-10-04 00:00:00',4),(4329,36.6,'2023-10-04 00:00:00',7),(4330,1647,'2023-10-04 00:00:00',8),(4331,1353,'2023-10-05 00:00:00',1),(4332,185,'2023-10-05 00:00:00',6),(4333,987.99,'2023-10-05 00:00:00',5),(4334,910.34,'2023-10-05 00:00:00',2),(4335,1423.42,'2023-10-05 00:00:00',3),(4336,172.81,'2023-10-05 00:00:00',4),(4337,36.56,'2023-10-05 00:00:00',7),(4338,1643.49,'2023-10-05 00:00:00',8);
/*!40000 ALTER TABLE `exchange` ENABLE KEYS */;
UNLOCK TABLES;

--
-- Table structure for table `exchange_per_day`
--

DROP TABLE IF EXISTS `exchange_per_day`;
/*!40101 SET @saved_cs_client     = @@character_set_client */;
/*!50503 SET character_set_client = utf8mb4 */;
CREATE TABLE `exchange_per_day` (
  `id` int NOT NULL AUTO_INCREMENT,
  `price` int DEFAULT NULL,
  `time` varchar(45) DEFAULT NULL,
  PRIMARY KEY (`id`)
) ENGINE=InnoDB DEFAULT CHARSET=utf8mb3;
/*!40101 SET character_set_client = @saved_cs_client */;

--
-- Dumping data for table `exchange_per_day`
--

LOCK TABLES `exchange_per_day` WRITE;
/*!40000 ALTER TABLE `exchange_per_day` DISABLE KEYS */;
/*!40000 ALTER TABLE `exchange_per_day` ENABLE KEYS */;
UNLOCK TABLES;

--
-- Table structure for table `favorite_card`
--

DROP TABLE IF EXISTS `favorite_card`;
/*!40101 SET @saved_cs_client     = @@character_set_client */;
/*!50503 SET character_set_client = utf8mb4 */;
CREATE TABLE `favorite_card` (
  `id` int NOT NULL AUTO_INCREMENT,
  `user_id` int NOT NULL,
  `card_id` int NOT NULL,
  PRIMARY KEY (`id`)
) ENGINE=InnoDB DEFAULT CHARSET=utf8mb3;
/*!40101 SET character_set_client = @saved_cs_client */;

--
-- Dumping data for table `favorite_card`
--

LOCK TABLES `favorite_card` WRITE;
/*!40000 ALTER TABLE `favorite_card` DISABLE KEYS */;
/*!40000 ALTER TABLE `favorite_card` ENABLE KEYS */;
UNLOCK TABLES;

--
-- Table structure for table `favorite_hotel`
--

DROP TABLE IF EXISTS `favorite_hotel`;
/*!40101 SET @saved_cs_client     = @@character_set_client */;
/*!50503 SET character_set_client = utf8mb4 */;
CREATE TABLE `favorite_hotel` (
  `id` int NOT NULL AUTO_INCREMENT,
  `hotel_name` varchar(100) DEFAULT NULL,
  `start` varchar(45) DEFAULT NULL,
  `end` varchar(45) DEFAULT NULL,
  `card` varchar(45) DEFAULT NULL,
  `origin_price` varchar(45) DEFAULT NULL,
  `discount_price` varchar(45) DEFAULT NULL,
  `url` varchar(700) DEFAULT NULL,
  `img` varchar(700) DEFAULT NULL,
  `site` varchar(45) DEFAULT NULL,
  `package_id` int NOT NULL,
  PRIMARY KEY (`id`),
  KEY `fk_favorite_hotel_favorite_package` (`package_id`),
  CONSTRAINT `fk_favorite_hotel_favorite_package` FOREIGN KEY (`package_id`) REFERENCES `favorite_package` (`id`)
) ENGINE=InnoDB AUTO_INCREMENT=112 DEFAULT CHARSET=utf8mb3;
/*!40101 SET character_set_client = @saved_cs_client */;

--
-- Dumping data for table `favorite_hotel`
--

LOCK TABLES `favorite_hotel` WRITE;
/*!40000 ALTER TABLE `favorite_hotel` DISABLE KEYS */;
INSERT INTO `favorite_hotel` VALUES (13,'Kabannas Newcastle','2023-12-21','2023-12-24','','34763','34763','https://www.agoda.com/ko-kr/innside-by-melia-newcastle/hotel/darlington-gb.html?finalPriceView=1&isShowMobileAppPrice=false&cid=-1&numberOfBedrooms=&familyMode=false&adults=1&children=0&rooms=1&maxRooms=0&checkIn=2023-12-21&isCalendarCallout=false&childAges=&numberOfGuest=0&missingChildAges=false&travellerType=0&showReviewSubmissionEntry=false&currencyCode=KRW&isFreeOccSearch=false&isCityHaveAsq=false&tspTypes=16,8,-1&los=3&searchrequestid=9c870a69-d5ce-42f2-be4b-82c0ab59ff01','https://q-xx.bstatic.com/xdata/images/hotel/max500/283204390.jpg?k=82bbd5bd41e81b8b29f144a31aa36e73df64657606355aa9aba7e8c74801af49&s=450x450','아고다',15),(14,'Alross Room with Breakfast','2023-12-24','2023-12-26','','50049','50049','https://www.agoda.com/ko-kr/romantic-bungalow-in-notting-hill/hotel/all/london-gb.html?finalPriceView=1&isShowMobileAppPrice=false&cid=-1&numberOfBedrooms=&familyMode=false&adults=1&children=0&rooms=1&maxRooms=0&checkIn=2023-12-24&isCalendarCallout=false&childAges=&numberOfGuest=0&missingChildAges=false&travellerType=0&showReviewSubmissionEntry=false&currencyCode=KRW&isFreeOccSearch=false&isCityHaveAsq=false&los=2&searchrequestid=9b9c76b1-53cd-4a58-9f32-d0b822eaae7b','https://q-xx.bstatic.com/xdata/images/hotel/max500/180750528.jpg?k=6913b5760e9dc517986255ab7a42f044f622af6fe3bee1d9460e1240896bfb86&s=450x450','아고다',15),(15,'Kabannas Newcastle','2023-12-21','2023-12-24','','34763','34763','https://www.agoda.com/ko-kr/innside-by-melia-newcastle/hotel/darlington-gb.html?finalPriceView=1&isShowMobileAppPrice=false&cid=-1&numberOfBedrooms=&familyMode=false&adults=1&children=0&rooms=1&maxRooms=0&checkIn=2023-12-21&isCalendarCallout=false&childAges=&numberOfGuest=0&missingChildAges=false&travellerType=0&showReviewSubmissionEntry=false&currencyCode=KRW&isFreeOccSearch=false&isCityHaveAsq=false&tspTypes=16,8,-1&los=3&searchrequestid=9c870a69-d5ce-42f2-be4b-82c0ab59ff01','https://q-xx.bstatic.com/xdata/images/hotel/max500/283204390.jpg?k=82bbd5bd41e81b8b29f144a31aa36e73df64657606355aa9aba7e8c74801af49&s=450x450','아고다',16),(16,'Alross Room with Breakfast','2023-12-24','2023-12-26','','50049','50049','https://www.agoda.com/ko-kr/romantic-bungalow-in-notting-hill/hotel/all/london-gb.html?finalPriceView=1&isShowMobileAppPrice=false&cid=-1&numberOfBedrooms=&familyMode=false&adults=1&children=0&rooms=1&maxRooms=0&checkIn=2023-12-24&isCalendarCallout=false&childAges=&numberOfGuest=0&missingChildAges=false&travellerType=0&showReviewSubmissionEntry=false&currencyCode=KRW&isFreeOccSearch=false&isCityHaveAsq=false&los=2&searchrequestid=9b9c76b1-53cd-4a58-9f32-d0b822eaae7b','https://q-xx.bstatic.com/xdata/images/hotel/max500/180750528.jpg?k=6913b5760e9dc517986255ab7a42f044f622af6fe3bee1d9460e1240896bfb86&s=450x450','아고다',16),(17,'Kabannas Newcastle','2023-12-21','2023-12-24','','34763','34763','https://www.agoda.com/ko-kr/innside-by-melia-newcastle/hotel/darlington-gb.html?finalPriceView=1&isShowMobileAppPrice=false&cid=-1&numberOfBedrooms=&familyMode=false&adults=1&children=0&rooms=1&maxRooms=0&checkIn=2023-12-21&isCalendarCallout=false&childAges=&numberOfGuest=0&missingChildAges=false&travellerType=0&showReviewSubmissionEntry=false&currencyCode=KRW&isFreeOccSearch=false&isCityHaveAsq=false&tspTypes=16,8,-1&los=3&searchrequestid=9c870a69-d5ce-42f2-be4b-82c0ab59ff01','https://q-xx.bstatic.com/xdata/images/hotel/max500/283204390.jpg?k=82bbd5bd41e81b8b29f144a31aa36e73df64657606355aa9aba7e8c74801af49&s=450x450','아고다',17),(18,'Alross Room with Breakfast','2023-12-24','2023-12-26','','50049','50049','https://www.agoda.com/ko-kr/romantic-bungalow-in-notting-hill/hotel/all/london-gb.html?finalPriceView=1&isShowMobileAppPrice=false&cid=-1&numberOfBedrooms=&familyMode=false&adults=1&children=0&rooms=1&maxRooms=0&checkIn=2023-12-24&isCalendarCallout=false&childAges=&numberOfGuest=0&missingChildAges=false&travellerType=0&showReviewSubmissionEntry=false&currencyCode=KRW&isFreeOccSearch=false&isCityHaveAsq=false&los=2&searchrequestid=9b9c76b1-53cd-4a58-9f32-d0b822eaae7b','https://q-xx.bstatic.com/xdata/images/hotel/max500/180750528.jpg?k=6913b5760e9dc517986255ab7a42f044f622af6fe3bee1d9460e1240896bfb86&s=450x450','아고다',17),(19,'Kabannas Newcastle','2023-12-21','2023-12-24','','34763','34763','https://www.agoda.com/ko-kr/innside-by-melia-newcastle/hotel/darlington-gb.html?finalPriceView=1&isShowMobileAppPrice=false&cid=-1&numberOfBedrooms=&familyMode=false&adults=1&children=0&rooms=1&maxRooms=0&checkIn=2023-12-21&isCalendarCallout=false&childAges=&numberOfGuest=0&missingChildAges=false&travellerType=0&showReviewSubmissionEntry=false&currencyCode=KRW&isFreeOccSearch=false&isCityHaveAsq=false&tspTypes=16,8,-1&los=3&searchrequestid=9c870a69-d5ce-42f2-be4b-82c0ab59ff01','https://q-xx.bstatic.com/xdata/images/hotel/max500/283204390.jpg?k=82bbd5bd41e81b8b29f144a31aa36e73df64657606355aa9aba7e8c74801af49&s=450x450','아고다',18),(20,'Alross Room with Breakfast','2023-12-24','2023-12-26','','50049','50049','https://www.agoda.com/ko-kr/romantic-bungalow-in-notting-hill/hotel/all/london-gb.html?finalPriceView=1&isShowMobileAppPrice=false&cid=-1&numberOfBedrooms=&familyMode=false&adults=1&children=0&rooms=1&maxRooms=0&checkIn=2023-12-24&isCalendarCallout=false&childAges=&numberOfGuest=0&missingChildAges=false&travellerType=0&showReviewSubmissionEntry=false&currencyCode=KRW&isFreeOccSearch=false&isCityHaveAsq=false&los=2&searchrequestid=9b9c76b1-53cd-4a58-9f32-d0b822eaae7b','https://q-xx.bstatic.com/xdata/images/hotel/max500/180750528.jpg?k=6913b5760e9dc517986255ab7a42f044f622af6fe3bee1d9460e1240896bfb86&s=450x450','아고다',18),(23,'Kabannas Newcastle','2023-12-21','2023-12-24','','34763','34763','https://www.agoda.com/ko-kr/innside-by-melia-newcastle/hotel/darlington-gb.html?finalPriceView=1&isShowMobileAppPrice=false&cid=-1&numberOfBedrooms=&familyMode=false&adults=1&children=0&rooms=1&maxRooms=0&checkIn=2023-12-21&isCalendarCallout=false&childAges=&numberOfGuest=0&missingChildAges=false&travellerType=0&showReviewSubmissionEntry=false&currencyCode=KRW&isFreeOccSearch=false&isCityHaveAsq=false&tspTypes=16,8,-1&los=3&searchrequestid=9c870a69-d5ce-42f2-be4b-82c0ab59ff01','https://q-xx.bstatic.com/xdata/images/hotel/max500/283204390.jpg?k=82bbd5bd41e81b8b29f144a31aa36e73df64657606355aa9aba7e8c74801af49&s=450x450','아고다',20),(24,'Alross Room with Breakfast','2023-12-24','2023-12-26','','50049','50049','https://www.agoda.com/ko-kr/romantic-bungalow-in-notting-hill/hotel/all/london-gb.html?finalPriceView=1&isShowMobileAppPrice=false&cid=-1&numberOfBedrooms=&familyMode=false&adults=1&children=0&rooms=1&maxRooms=0&checkIn=2023-12-24&isCalendarCallout=false&childAges=&numberOfGuest=0&missingChildAges=false&travellerType=0&showReviewSubmissionEntry=false&currencyCode=KRW&isFreeOccSearch=false&isCityHaveAsq=false&los=2&searchrequestid=9b9c76b1-53cd-4a58-9f32-d0b822eaae7b','https://q-xx.bstatic.com/xdata/images/hotel/max500/180750528.jpg?k=6913b5760e9dc517986255ab7a42f044f622af6fe3bee1d9460e1240896bfb86&s=450x450','아고다',20),(101,'말드론 호텔 뉴캐슬 ','2023-12-21','2023-12-24','','124018','124018','https://www.agoda.com/ko-kr/maldron-hotel-newcastle/hotel/newcastle-upon-tyne-gb.html?finalPriceView=1&isShowMobileAppPrice=false&cid=-1&numberOfBedrooms=&familyMode=false&adults=1&children=0&rooms=1&maxRooms=0&checkIn=2023-12-21&isCalendarCallout=false&childAges=&numberOfGuest=0&missingChildAges=false&travellerType=0&showReviewSubmissionEntry=false&currencyCode=KRW&isFreeOccSearch=false&isCityHaveAsq=false&tspTypes=1,16&los=3&searchrequestid=0d0ec9f7-47ff-40b0-846b-9fee677561f7','0','아고다',127),(104,'브리타니아온윌리암백패커BritanniaonWilliamBackpackers호텔','2024-05-13','2024-05-23','','166892','166892','https://travel.interpark.com/hotel/goods?hotelCD=1000857342&iDT=2024.05.13&oDT=2024.05.23&sRinfo=1','https://media.interparkcdn.net/interpark-tour/q_70,f_auto/tourimage/Product/Hotel/Thumbnail/04924/20170412/1000857342/1000857342_01_b288x208.jpg','인터파크',130),(105,'카락사 호텔 도쿄 스테이션 ','2023-10-15','2023-10-21','','348345','348345','https://www.agoda.com/ko-kr/karaksa-hotel-tokyo-station/hotel/tokyo-jp.html?finalPriceView=1&isShowMobileAppPrice=false&cid=-1&numberOfBedrooms=&familyMode=false&adults=2&children=0&rooms=1&maxRooms=0&checkIn=2023-10-15&isCalendarCallout=false&childAges=&numberOfGuest=0&missingChildAges=false&travellerType=1&showReviewSubmissionEntry=false&currencyCode=KRW&isFreeOccSearch=false&isCityHaveAsq=false&tspTypes=7,8&los=6&searchrequestid=16172f0c-25eb-4c96-b2a6-5df5c80d0199','https://pix8.agoda.net/hotelImages/5573479/-1/e552ca9803f21a583ba841edf74d58c5.jpg?ca=9&ce=1&s=450x450','아고다',131),(106,'2022모나크 호텔 다낭 ','2023-10-09','2023-10-09','','45324','45324','https://www.agoda.com/ko-kr/monarque-hotel-danang/hotel/da-nang-vn.html?finalPriceView=1&isShowMobileAppPrice=false&cid=-1&numberOfBedrooms=&familyMode=false&adults=2&children=0&rooms=1&maxRooms=0&checkIn=2023-10-9&isCalendarCallout=false&childAges=&numberOfGuest=0&missingChildAges=false&travellerType=1&showReviewSubmissionEntry=false&currencyCode=KRW&isFreeOccSearch=false&isCityHaveAsq=false&tspTypes=1,8,-1&los=1&searchrequestid=38bdbe68-c3ab-426e-9bc3-4be5ce34045e','https://pix8.agoda.net/hotelImages/2613181/-1/b69308325ed6f13710a325482bf8a3de.jpg?ce=0&s=450x450','아고다',132),(107,'롯데 호텔 하노이 ','2023-10-21','2023-10-21','','176519','176519','https://www.agoda.com/ko-kr/lotte-hotel-hanoi/hotel/hanoi-vn.html?finalPriceView=1&isShowMobileAppPrice=false&cid=-1&numberOfBedrooms=&familyMode=false&adults=2&children=0&rooms=1&maxRooms=0&checkIn=2023-10-21&isCalendarCallout=false&childAges=&numberOfGuest=0&missingChildAges=false&travellerType=1&showReviewSubmissionEntry=false&currencyCode=KRW&isFreeOccSearch=false&isCityHaveAsq=false&tspTypes=7,8&los=1&searchrequestid=e0f8b853-b4ab-40ce-a16a-78be454fa27d','https://pix8.agoda.net/hotelImages/665815/-1/71f86c5cf90698ecbe9a0aeea9979aec.jpg?ca=27&ce=0&s=450x450','아고다',132),(108,'2022모나크 호텔 다낭 ','2023-10-09','2023-10-09','','45324','45324','https://www.agoda.com/ko-kr/monarque-hotel-danang/hotel/da-nang-vn.html?finalPriceView=1&isShowMobileAppPrice=false&cid=-1&numberOfBedrooms=&familyMode=false&adults=2&children=0&rooms=1&maxRooms=0&checkIn=2023-10-9&isCalendarCallout=false&childAges=&numberOfGuest=0&missingChildAges=false&travellerType=1&showReviewSubmissionEntry=false&currencyCode=KRW&isFreeOccSearch=false&isCityHaveAsq=false&tspTypes=1,8,-1&los=1&searchrequestid=38bdbe68-c3ab-426e-9bc3-4be5ce34045e','https://pix8.agoda.net/hotelImages/2613181/-1/b69308325ed6f13710a325482bf8a3de.jpg?ce=0&s=450x450','아고다',133),(109,'롯데 호텔 하노이 ','2023-10-21','2023-10-21','','176519','176519','https://www.agoda.com/ko-kr/lotte-hotel-hanoi/hotel/hanoi-vn.html?finalPriceView=1&isShowMobileAppPrice=false&cid=-1&numberOfBedrooms=&familyMode=false&adults=2&children=0&rooms=1&maxRooms=0&checkIn=2023-10-21&isCalendarCallout=false&childAges=&numberOfGuest=0&missingChildAges=false&travellerType=1&showReviewSubmissionEntry=false&currencyCode=KRW&isFreeOccSearch=false&isCityHaveAsq=false&tspTypes=7,8&los=1&searchrequestid=e0f8b853-b4ab-40ce-a16a-78be454fa27d','https://pix8.agoda.net/hotelImages/665815/-1/71f86c5cf90698ecbe9a0aeea9979aec.jpg?ca=27&ce=0&s=450x450','아고다',133),(111,'그랜드사우나신사이바시GrandSaunaShinsaibashi호텔','2023-11-05','2023-11-12','','176712','176712','https://travel.interpark.com/hotel/goods?hotelCD=1000848097&iDT=2023.11.05&oDT=2023.11.12&sRinfo=1','https://media.interparkcdn.net/interpark-tour/image/fetch/q_70,f_auto/https://i.travelapi.com/hotels/11000000/10350000/10346300/10346205/7738147a_z.jpg','인터파크',136);
/*!40000 ALTER TABLE `favorite_hotel` ENABLE KEYS */;
UNLOCK TABLES;

--
-- Table structure for table `favorite_package`
--

DROP TABLE IF EXISTS `favorite_package`;
/*!40101 SET @saved_cs_client     = @@character_set_client */;
/*!50503 SET character_set_client = utf8mb4 */;
CREATE TABLE `favorite_package` (
  `id` int NOT NULL AUTO_INCREMENT,
  `member_cnt` int DEFAULT NULL,
  `card` varchar(45) DEFAULT NULL,
  `user_id` int NOT NULL,
  PRIMARY KEY (`id`),
  KEY `fk_favorite_package_user` (`user_id`),
  CONSTRAINT `fk_favorite_package_user` FOREIGN KEY (`user_id`) REFERENCES `user` (`id`)
) ENGINE=InnoDB AUTO_INCREMENT=137 DEFAULT CHARSET=utf8mb3;
/*!40101 SET character_set_client = @saved_cs_client */;

--
-- Dumping data for table `favorite_package`
--

LOCK TABLES `favorite_package` WRITE;
/*!40000 ALTER TABLE `favorite_package` DISABLE KEYS */;
INSERT INTO `favorite_package` VALUES (15,1,'MILE1하나카드',3),(16,1,'MILE1하나카드',3),(17,1,'MILE1하나카드',3),(18,1,'MILE1하나카드',3),(20,1,'MILE1하나카드',3),(127,1,'MILE1하나카드',3),(130,1,'',10),(131,2,'삼성카드',3),(132,2,'',4),(133,2,'',4),(135,1,'삼성카드',10),(136,1,'NH채움카드',10);
/*!40000 ALTER TABLE `favorite_package` ENABLE KEYS */;
UNLOCK TABLES;

--
-- Table structure for table `favorite_plane`
--

DROP TABLE IF EXISTS `favorite_plane`;
/*!40101 SET @saved_cs_client     = @@character_set_client */;
/*!50503 SET character_set_client = utf8mb4 */;
CREATE TABLE `favorite_plane` (
  `id` int NOT NULL AUTO_INCREMENT,
  `plane_date` varchar(45) DEFAULT NULL,
  `company` varchar(45) DEFAULT NULL,
  `start_place` varchar(45) DEFAULT NULL,
  `start_time` varchar(45) DEFAULT NULL,
  `end_place` varchar(45) DEFAULT NULL,
  `end_time` varchar(45) DEFAULT NULL,
  `origin_price` varchar(45) DEFAULT NULL,
  `discount_price` varchar(45) DEFAULT NULL,
  `layover` varchar(45) DEFAULT NULL,
  `during` varchar(45) DEFAULT NULL,
  `site` varchar(45) DEFAULT NULL,
  `card` varchar(45) DEFAULT NULL,
  `package_id` int NOT NULL,
  `url` varchar(500) DEFAULT NULL,
  `company_img` varchar(500) DEFAULT NULL,
  PRIMARY KEY (`id`),
  KEY `fk_favorite_plane_favorite_package` (`package_id`),
  CONSTRAINT `fk_favorite_plane_favorite_package` FOREIGN KEY (`package_id`) REFERENCES `favorite_package` (`id`)
) ENGINE=InnoDB AUTO_INCREMENT=177 DEFAULT CHARSET=utf8mb3;
/*!40101 SET character_set_client = @saved_cs_client */;

--
-- Dumping data for table `favorite_plane`
--

LOCK TABLES `favorite_plane` WRITE;
/*!40000 ALTER TABLE `favorite_plane` DISABLE KEYS */;
INSERT INTO `favorite_plane` VALUES (27,'20240222','제주항공','PUS','07:35','NRT','09:35','192300','192300','직항','02시간00분','인터파크',NULL,15,NULL,NULL),(28,'20240125','집에어','ICN','13:10','NRT T1','15:30','124800','124800','직항','2시간 20분','트립닷컴',NULL,15,NULL,NULL),(29,'20240222','제주항공','PUS','07:35','NRT','09:35','192300','192300','직항','02시간00분','인터파크',NULL,16,NULL,NULL),(30,'20240125','집에어','ICN','13:10','NRT T1','15:30','124800','124800','직항','2시간 20분','트립닷컴',NULL,16,NULL,NULL),(31,'20240222','제주항공','PUS','07:35','NRT','09:35','192300','192300','직항','02시간00분','인터파크',NULL,17,NULL,NULL),(32,'20240125','집에어','ICN','13:10','NRT T1','15:30','124800','124800','직항','2시간 20분','트립닷컴',NULL,17,NULL,NULL),(33,'20240222','제주항공','PUS','07:35','NRT','09:35','192300','192300','직항','02시간00분','인터파크',NULL,18,NULL,NULL),(34,'20240125','집에어','ICN','13:10','NRT T1','15:30','124800','124800','직항','2시간 20분','트립닷컴',NULL,18,NULL,NULL),(37,'20240222','제주항공','PUS','07:35','NRT','09:35','192300','192300','직항','02시간00분','인터파크',NULL,20,NULL,NULL),(38,'20240125','집에어','ICN','13:10','NRT T1','15:30','124800','124800','직항','2시간 20분','트립닷컴',NULL,20,NULL,NULL),(163,'20240222','제주항공','PUS','07:35','NRT','09:35','201200','185800','직항','02시간00분','인터파크','MILE1하나카드',127,'https://fly.interpark.com/booking/mainFlights.do?tripType=OW&sdate0=20240222&sdate1=&dep0=PUS&arr0=NRT&dep1=&arr1=&adt=1&chd=0&inf=0&val=&comp=Y&via=#list','https://openimage.interpark.com/tourpark/air/air_logo/m/7C.png'),(167,'20240222','티웨이항공 스쿠트항공','TAE','21:20','PER T1','16:40','737300','737300','2회경유','44시간 20분','트립닷컴','',130,'https://kr.trip.com/flights/TAE-to-PER/tickets-TAE-PER?dcity=TAE&acity=PER&ddate=20240222&rdate=&flighttype=ow&class=y&lowpricesource=searchform&quantity=1&searchboxarg=t&locale=ko-KR&curr=KRW','https://pic.tripcdn.com/airline_logo/3x/mu.webp'),(168,'20231016','티웨이항공','ICN','07:45','NRT','10:15','260200','238000','직항','02시간30분','인터파크','삼성카드',131,'https://fly.interpark.com/booking/mainFlights.do?tripType=OW&sdate0=20231016&sdate1=&dep0=SEL&arr0=TYO&dep1=&arr1=&adt=2&chd=0&inf=0&val=&comp=Y&via=#list','https://openimage.interpark.com/tourpark/air/air_logo/m/TW.png'),(169,'20231016','제주항공','GMP D','16:35','NRT T3','13:00','330700','330700','1회경유','20시간 25분','트립닷컴','',131,'https://kr.trip.com/flights/GMP-to-TYO/tickets-GMP-TYO?dcity=GMP&acity=TYO&ddate=20231016&rdate=&flighttype=ow&class=y&lowpricesource=searchform&quantity=2&searchboxarg=t&locale=ko-KR&curr=KRW','https://pic.tripcdn.com/airline_logo/3x/7c.webp'),(170,'20231012','제주항공','ICN T1','21:55','DAD T2','00:30','143600','143600','직항','4시간 35분','트립닷컴','',132,'https://kr.trip.com/flights/SEL-to-DAD/tickets-SEL-DAD?dcity=SEL&acity=DAD&ddate=20231012&rdate=&flighttype=ow&class=y&lowpricesource=searchform&quantity=2&searchboxarg=t&locale=ko-KR&curr=KRW','https://pic.tripcdn.com/airline_logo/3x/7c.webp'),(171,'20231104','비엣젯항공','ICN T1','06:25','HAN T2','09:30','219800','219800','직항','5시간 5분','트립닷컴','',132,'https://kr.trip.com/flights/SEL-to-HAN/tickets-SEL-HAN?dcity=SEL&acity=HAN&ddate=20231104&rdate=&flighttype=ow&class=y&lowpricesource=searchform&quantity=2&searchboxarg=t&locale=ko-KR&curr=KRW','https://pic.tripcdn.com/airline_logo/3x/vj.webp'),(172,'20231012','제주항공','ICN T1','21:55','DAD T2','00:30','143600','143600','직항','4시간 35분','트립닷컴','',133,'https://kr.trip.com/flights/SEL-to-DAD/tickets-SEL-DAD?dcity=SEL&acity=DAD&ddate=20231012&rdate=&flighttype=ow&class=y&lowpricesource=searchform&quantity=2&searchboxarg=t&locale=ko-KR&curr=KRW','https://pic.tripcdn.com/airline_logo/3x/7c.webp'),(173,'20231104','비엣젯항공','ICN T1','06:25','HAN T2','09:30','219800','219800','직항','5시간 5분','트립닷컴','',133,'https://kr.trip.com/flights/SEL-to-HAN/tickets-SEL-HAN?dcity=SEL&acity=HAN&ddate=20231104&rdate=&flighttype=ow&class=y&lowpricesource=searchform&quantity=2&searchboxarg=t&locale=ko-KR&curr=KRW','https://pic.tripcdn.com/airline_logo/3x/vj.webp'),(175,'20231025','티웨이항공','ICN','07:45','NRT','10:15','172200','160100','직항','02시간30분','인터파크','삼성카드',135,'https://fly.interpark.com/booking/mainFlights.do?tripType=OW&sdate0=20231025&sdate1=&dep0=SEL&arr0=TYO&dep1=&arr1=&adt=1&chd=0&inf=0&val=&comp=Y&via=#list','https://openimage.interpark.com/tourpark/air/air_logo/m/TW.png'),(176,'20231107','에어서울','ICN','15:05','KIX','17:00','111100','110200','직항','02시간00분','인터파크','NH채움카드',136,'https://fly.interpark.com/booking/mainFlights.do?tripType=OW&sdate0=20231107&sdate1=&dep0=SEL&arr0=KIX&dep1=&arr1=&adt=1&chd=0&inf=0&val=&comp=Y&via=#list','https://openimage.interpark.com/tourpark/air/air_logo/m/RS.png');
/*!40000 ALTER TABLE `favorite_plane` ENABLE KEYS */;
UNLOCK TABLES;

--
-- Table structure for table `invite_code`
--

DROP TABLE IF EXISTS `invite_code`;
/*!40101 SET @saved_cs_client     = @@character_set_client */;
/*!50503 SET character_set_client = utf8mb4 */;
CREATE TABLE `invite_code` (
  `id` int NOT NULL AUTO_INCREMENT,
  `code` varchar(45) NOT NULL,
  `expiration_date` datetime NOT NULL,
  `expired` tinyint(1) DEFAULT '0',
  `team_account_id` int DEFAULT NULL,
  PRIMARY KEY (`id`),
  KEY `fk_invite_team_account_idx` (`team_account_id`),
  CONSTRAINT `fk_invite_team_account` FOREIGN KEY (`team_account_id`) REFERENCES `team_account` (`id`)
) ENGINE=InnoDB AUTO_INCREMENT=374 DEFAULT CHARSET=utf8mb3;
/*!40101 SET character_set_client = @saved_cs_client */;

--
-- Dumping data for table `invite_code`
--

LOCK TABLES `invite_code` WRITE;
/*!40000 ALTER TABLE `invite_code` DISABLE KEYS */;
INSERT INTO `invite_code` VALUES (10,'enNe5V','2023-10-04 14:48:27',1,3),(11,'h9e87m','2023-10-04 15:06:07',1,3),(12,'XXp9Fm','2023-10-04 15:08:35',1,4),(13,'WzhQED','2023-10-04 06:08:55',1,4),(14,'hSuBXz','2023-10-04 06:09:10',1,4),(15,'FF4n0t','2023-10-04 06:09:12',1,4),(16,'PbJVhp','2023-10-04 06:09:26',1,3),(17,'9oruwF','2023-10-04 06:09:27',1,4),(18,'4iaHBH','2023-10-04 06:10:13',1,4),(19,'Jj3Jz1','2023-10-04 06:11:00',1,4),(20,'AVZ5y0','2023-10-04 06:11:00',1,4),(21,'IkdS9l','2023-10-04 06:11:04',1,4),(22,'IezR6j','2023-10-04 06:11:19',1,4),(23,'oDQr40','2023-10-04 06:11:19',1,4),(24,'jmaXeY','2023-10-04 06:11:24',1,4),(25,'7VkQ2P','2023-10-04 06:11:25',1,4),(26,'Q3o1uq','2023-10-04 06:11:31',1,4),(27,'XPfY50','2023-10-04 06:11:31',1,4),(28,'cNkdI2','2023-10-04 06:11:35',1,4),(29,'3dXyTJ','2023-10-04 06:11:35',1,4),(30,'qe97xI','2023-10-04 06:11:38',1,4),(31,'hULusk','2023-10-04 06:11:38',1,4),(32,'2qEvFR','2023-10-04 06:11:59',1,4),(33,'e2Pgo7','2023-10-04 06:11:59',1,4),(34,'b2ft0E','2023-10-04 06:12:02',1,4),(35,'tPuxum','2023-10-04 06:12:02',1,4),(36,'SBvDZk','2023-10-04 06:12:33',1,4),(37,'fAz4Ic','2023-10-04 06:12:33',1,4),(38,'pASpPa','2023-10-04 06:13:09',1,4),(39,'eF4CNZ','2023-10-04 06:13:19',1,4),(40,'bFd4Kd','2023-10-04 06:13:21',1,4),(41,'RrKBFz','2023-10-04 06:13:22',1,4),(42,'8pfZil','2023-10-04 06:13:26',1,4),(43,'823yqa','2023-10-04 06:13:30',1,4),(44,'E35CXH','2023-10-04 06:13:42',1,4),(45,'A9CzrS','2023-10-04 06:13:55',1,4),(46,'KW8U9f','2023-10-04 06:14:10',1,4),(47,'n3uWrU','2023-10-04 06:14:26',1,4),(48,'UeOIIU','2023-10-04 06:14:26',1,4),(49,'Yv9yoT','2023-10-04 06:14:27',1,4),(50,'Qh6Hno','2023-10-04 06:14:27',1,4),(51,'uxRxRo','2023-10-04 06:14:46',1,4),(52,'rSAAwC','2023-10-04 06:14:46',1,4),(53,'SKqjPp','2023-10-04 06:14:50',1,3),(54,'8WpxPI','2023-10-04 06:14:57',1,4),(55,'E0pXuH','2023-10-04 06:15:03',1,3),(56,'wSyoQ1','2023-10-04 06:15:26',1,4),(57,'A28IMG','2023-10-04 06:15:41',1,4),(58,'xl1C4j','2023-10-04 06:23:14',1,4),(59,'UuMfD4','2023-10-04 06:23:58',1,4),(60,'n4iu0C','2023-10-04 06:31:47',1,4),(61,'989Eko','2023-10-04 06:37:28',1,4),(62,'S9imx0','2023-10-04 06:38:07',1,4),(63,'SuIgKa','2023-10-04 06:39:03',1,4),(64,'COT8ml','2023-10-04 06:39:03',1,4),(65,'Y4CTsv','2023-10-04 06:39:27',1,4),(66,'SEIjCd','2023-10-04 06:39:27',1,4),(67,'K7nS2w','2023-10-04 06:46:02',1,4),(68,'apexSj','2023-10-04 06:46:04',1,4),(69,'SuTv8v','2023-10-04 06:46:20',1,4),(70,'ScshaK','2023-10-04 06:46:29',1,4),(71,'LgiIjf','2023-10-04 06:46:29',1,4),(72,'VZVpob','2023-10-04 06:49:04',1,4),(73,'jMPu4C','2023-10-04 06:51:44',1,4),(74,'4mHPmA','2023-10-04 06:55:51',1,3),(75,'IaRYVh','2023-10-04 06:57:39',1,4),(76,'DM1ss4','2023-10-04 06:57:43',1,3),(77,'GF6NAd','2023-10-04 06:57:45',1,4),(78,'izQCcZ','2023-10-04 06:58:57',1,4),(79,'9i8sjW','2023-10-04 06:58:57',1,4),(80,'xHmZlR','2023-10-04 07:00:30',1,4),(81,'GwBgvu','2023-10-04 07:08:10',1,4),(82,'lwQ7VT','2023-10-04 07:09:08',1,4),(83,'qtScpR','2023-10-04 07:09:44',1,4),(84,'XhMTpd','2023-10-04 07:12:30',1,4),(85,'og9Eou','2023-10-04 07:12:41',1,4),(86,'YIyvv4','2023-10-04 07:14:13',1,4),(87,'ziHFoX','2023-10-04 07:14:56',1,4),(88,'cykPhO','2023-10-04 07:18:58',1,4),(89,'nezxNh','2023-10-04 07:19:37',1,4),(90,'wTG82m','2023-10-04 07:19:45',1,4),(91,'V99MkV','2023-10-04 07:21:34',1,4),(92,'pmBuwL','2023-10-04 07:22:44',1,4),(93,'xdyyrn','2023-10-04 07:39:17',1,4),(94,'OiPlKR','2023-10-04 07:51:31',1,3),(95,'kvhk6t','2023-10-04 07:51:48',1,4),(96,'QOb3Jh','2023-10-04 07:51:57',1,3),(97,'r99Stw','2023-10-04 07:52:22',1,3),(98,'Uoo0WP','2023-10-04 07:54:52',1,4),(99,'zaTxJA','2023-10-04 08:08:06',1,4),(100,'OCP9L5','2023-10-04 08:09:01',1,4),(101,'bmgaBp','2023-10-04 08:36:43',1,4),(102,'nqrxKo','2023-10-04 08:48:51',1,4),(103,'jhZMKE','2023-10-04 08:50:13',1,4),(104,'E3unPQ','2023-10-04 08:55:19',1,4),(105,'iXp0G0','2023-10-04 09:00:12',1,4),(106,'H1WzL7','2023-10-04 09:01:26',1,3),(107,'ErU6wR','2023-10-04 09:01:30',1,4),(115,'eNMwSy','2023-10-04 14:57:51',1,4),(116,'Ez7spo','2023-10-04 14:58:00',1,3),(117,'Y208lu','2023-10-04 15:06:55',1,4),(119,'hE587C','2023-10-04 17:13:20',1,3),(120,'3UcqPm','2023-10-04 17:13:28',1,4),(121,'j8n3GL','2023-10-04 17:13:33',1,3),(122,'3Sruru','2023-10-04 20:19:04',1,3),(123,'io4L1v','2023-10-04 21:01:42',1,3),(124,'R6Npy8','2023-10-04 21:06:31',1,3),(125,'h3fSRB','2023-10-04 21:06:54',1,3),(126,'BaQmoi','2023-10-04 21:07:08',1,3),(130,'w2yHSb','2023-10-05 00:09:31',1,3),(131,'WylLXx','2023-10-05 00:09:35',1,3),(132,'2WCvjw','2023-10-05 00:47:07',1,3),(133,'9kWBJ9','2023-10-05 01:28:12',1,4),(134,'S7apio','2023-10-05 01:59:33',1,3),(135,'lu3YiJ','2023-10-05 01:59:49',1,3),(136,'xD79yn','2023-10-05 04:20:47',1,3),(137,'lwPcJq','2023-10-05 04:21:07',1,3),(138,'BDavP0','2023-10-05 04:21:21',1,4),(139,'zYjcxR','2023-10-05 04:21:25',1,4),(140,'AkMe9U','2023-10-05 04:21:31',1,3),(141,'nw9afD','2023-10-05 04:24:26',1,3),(142,'XYmAHa','2023-10-05 04:27:54',1,3),(143,'lu7b61','2023-10-05 04:30:57',1,3),(144,'4xO1v6','2023-10-05 04:52:31',1,8),(145,'VgNxk5','2023-10-05 04:52:45',1,8),(146,'C9fzbN','2023-10-05 04:52:49',1,8),(147,'D9CZQ1','2023-10-05 04:52:58',1,8),(148,'BijqkI','2023-10-05 04:53:05',1,8),(149,'xB2us6','2023-10-05 04:53:22',1,8),(150,'Oayxmx','2023-10-05 04:54:56',1,8),(151,'GDMwjj','2023-10-05 05:01:24',1,8),(152,'1va1w7','2023-10-05 05:01:38',1,8),(153,'wpAVeU','2023-10-05 05:03:48',1,8),(154,'zSHuGi','2023-10-05 05:05:50',1,8),(155,'YvZOKo','2023-10-05 05:05:51',1,8),(156,'bWo07j','2023-10-05 05:06:23',1,8),(157,'B1vu8A','2023-10-05 05:52:57',1,8),(158,'XircJV','2023-10-05 05:59:59',1,8),(159,'5Np2MW','2023-10-05 15:00:25',1,8),(160,'nt8a86','2023-10-05 06:01:01',1,8),(161,'HP30Rr','2023-10-05 06:01:16',1,8),(162,'J2n5UL','2023-10-05 06:07:08',1,8),(163,'wClLNS','2023-10-05 06:07:46',1,8),(164,'rGWfLX','2023-10-05 06:07:57',1,8),(165,'jUQXdb','2023-10-05 06:14:05',1,8),(166,'XKk33C','2023-10-05 06:14:51',1,8),(167,'cA9CBM','2023-10-05 06:15:08',1,8),(168,'08wOQI','2023-10-05 06:17:51',1,8),(169,'c1zDtM','2023-10-05 06:18:35',1,8),(170,'7thL1c','2023-10-05 06:18:58',1,8),(171,'jy1K0y','2023-10-05 06:22:06',1,8),(172,'Sf50AR','2023-10-05 06:26:18',1,4),(173,'f1ylXi','2023-10-05 06:26:34',1,4),(174,'30bKqA','2023-10-05 06:26:58',0,4),(175,'4YYqVB','2023-10-05 06:29:47',1,8),(176,'YYP7Rr','2023-10-05 06:34:09',1,8),(177,'5qt6Sa','2023-10-05 06:34:47',1,8),(178,'6nZyFT','2023-10-05 06:53:45',1,3),(179,'kSJxZ2','2023-10-05 06:56:34',1,3),(180,'tqZxo3','2023-10-05 07:06:49',1,3),(181,'PurVSS','2023-10-05 07:11:09',1,3),(182,'YNs4qp','2023-10-05 07:13:43',1,8),(183,'FmI25K','2023-10-05 07:57:14',1,3),(184,'CtjeoQ','2023-10-05 07:57:28',1,3),(185,'5jYN0x','2023-10-05 07:57:31',1,3),(186,'x0q92F','2023-10-05 07:58:10',1,3),(187,'vjvTDz','2023-10-05 08:04:21',1,3),(188,'Qv4xaz','2023-10-05 08:20:44',1,8),(190,'Usov8I','2023-10-05 08:37:40',1,3),(191,'yKxDfs','2023-10-05 08:39:30',1,3),(192,'2xHFZ9','2023-10-05 08:39:58',1,8),(193,'GbhFwO','2023-10-05 08:40:20',1,3),(194,'9TDozx','2023-10-05 08:40:44',1,3),(195,'ge3trw','2023-10-05 08:40:50',1,3),(196,'K07fxL','2023-10-05 08:40:55',1,8),(197,'Dz0M9E','2023-10-05 08:41:13',1,3),(198,'AcvyNl','2023-10-05 08:41:28',1,3),(200,'OJdGrT','2023-10-05 12:55:48',1,3),(202,'sfZK8W','2023-10-05 12:56:01',1,8),(203,'afoc5J','2023-10-05 12:59:42',1,3),(204,'rYstCI','2023-10-05 13:07:39',1,3),(205,'j1fl44','2023-10-05 13:07:51',1,3),(206,'NoIemt','2023-10-05 13:08:59',1,3),(207,'aD3EfX','2023-10-05 13:09:03',1,3),(208,'zKvHFt','2023-10-05 13:09:09',1,3),(209,'NrYCrt','2023-10-05 13:09:36',1,3),(210,'4Iod81','2023-10-05 13:09:53',1,3),(211,'7gXOBq','2023-10-05 13:13:21',1,3),(212,'bSE2MM','2023-10-05 13:13:46',1,3),(213,'gYOrv0','2023-10-05 13:15:31',1,3),(214,'rGTJax','2023-10-05 13:18:12',1,3),(215,'ma69qG','2023-10-05 13:39:43',1,3),(216,'moMuBW','2023-10-05 13:46:30',1,8),(217,'8Tkezf','2023-10-05 13:46:33',1,8),(218,'vKlqmn','2023-10-05 14:24:51',1,8),(219,'zrJTQf','2023-10-05 15:54:32',1,3),(220,'SLEk6b','2023-10-05 15:57:12',1,3),(221,'vSSD6u','2023-10-05 15:57:21',1,3),(222,'bQCIPX','2023-10-05 16:14:43',1,3),(223,'1s48TZ','2023-10-05 16:21:57',1,3),(224,'zGDj4M','2023-10-05 16:22:08',1,3),(225,'a9NjEg','2023-10-05 16:39:05',1,3),(226,'UxW8eB','2023-10-05 16:39:11',1,3),(227,'trP9BO','2023-10-05 16:47:04',1,3),(228,'cKEGZ3','2023-10-05 16:47:04',1,3),(229,'1Zw7Ua','2023-10-05 16:47:07',1,3),(230,'XvOesO','2023-10-05 16:47:07',1,3),(231,'GhHCbQ','2023-10-05 16:47:12',1,3),(232,'jQvqPd','2023-10-05 16:47:12',1,3),(233,'oCqcQy','2023-10-05 16:47:19',1,3),(234,'tdn6BX','2023-10-05 16:47:19',1,3),(235,'usPEhy','2023-10-05 16:47:23',1,3),(236,'NnsnO2','2023-10-05 16:47:24',1,3),(237,'BBBqyp','2023-10-05 16:48:44',1,3),(238,'NSJv5q','2023-10-05 16:53:03',1,3),(239,'ZVvrSp','2023-10-05 16:53:03',1,3),(240,'01qZnM','2023-10-05 16:53:06',1,3),(241,'rrKCfZ','2023-10-05 16:53:06',1,3),(242,'gj9YFO','2023-10-05 16:53:16',1,3),(243,'QfA19L','2023-10-05 16:53:16',1,3),(244,'qBaL2o','2023-10-05 16:54:06',1,3),(245,'VYA9qt','2023-10-05 16:54:06',1,3),(246,'Hg5rmZ','2023-10-05 16:54:09',1,3),(247,'zk9hUB','2023-10-05 16:54:09',1,3),(248,'zddVBD','2023-10-05 16:54:12',1,3),(249,'Nfu1h3','2023-10-05 16:54:12',1,3),(250,'BGR5aQ','2023-10-05 16:54:13',1,3),(251,'OBPDow','2023-10-05 16:54:13',1,3),(252,'oOLbf8','2023-10-05 16:54:20',1,3),(253,'yClW2i','2023-10-05 16:54:20',1,3),(254,'5RUntV','2023-10-05 16:54:30',1,3),(255,'Zn9WH2','2023-10-05 16:54:30',1,3),(256,'Z165sq','2023-10-05 16:54:33',1,3),(257,'Q7BOLh','2023-10-05 16:54:34',1,3),(258,'rDL3mx','2023-10-05 16:55:06',1,3),(259,'IQL0jP','2023-10-05 16:55:06',1,3),(260,'MPOPOm','2023-10-05 16:55:10',1,3),(261,'8VTZfQ','2023-10-05 16:55:10',1,3),(262,'NiJv5z','2023-10-05 16:55:17',1,3),(263,'EQS4WV','2023-10-05 16:55:17',1,3),(264,'sLm5jr','2023-10-05 16:55:30',1,3),(265,'tEv546','2023-10-05 16:55:30',1,3),(266,'DaYGlh','2023-10-05 16:55:33',1,3),(267,'TGYxDX','2023-10-05 16:55:33',1,3),(268,'qD7IPS','2023-10-05 16:55:55',1,3),(269,'ow502v','2023-10-05 16:55:55',1,3),(270,'UtRCkX','2023-10-05 16:55:57',1,3),(271,'SZFe5G','2023-10-05 16:55:57',1,3),(272,'fPChQK','2023-10-05 16:56:01',1,3),(273,'IDeAPY','2023-10-05 16:56:01',1,3),(274,'vwF6F6','2023-10-05 16:56:05',1,3),(275,'EZ0Qoq','2023-10-05 16:56:05',1,3),(276,'TH8tFN','2023-10-05 16:56:14',1,3),(277,'HQgMf2','2023-10-05 16:56:28',1,3),(278,'vKE9Eh','2023-10-05 16:56:28',1,3),(279,'vBu25N','2023-10-05 16:56:31',1,3),(280,'86mU8M','2023-10-05 16:56:31',1,3),(281,'Hzo4IS','2023-10-05 16:56:37',1,3),(282,'yFiY8d','2023-10-05 16:56:37',1,3),(283,'QIwFbG','2023-10-05 16:56:53',1,3),(284,'a1qzVH','2023-10-05 16:57:17',1,3),(285,'6sErXX','2023-10-05 16:57:17',1,3),(286,'djlxxL','2023-10-05 16:57:20',1,3),(287,'QTvTvA','2023-10-05 16:57:20',1,3),(288,'FYypCe','2023-10-05 16:57:31',1,3),(289,'FcucDK','2023-10-05 16:57:31',1,3),(290,'BS89FE','2023-10-05 16:57:35',1,3),(291,'hasSTi','2023-10-05 16:57:35',1,3),(292,'67Z1aM','2023-10-05 16:57:56',1,3),(293,'GXWxQE','2023-10-05 16:57:56',1,3),(294,'2Qk171','2023-10-05 16:58:00',1,3),(295,'GNq2y0','2023-10-05 16:58:00',1,3),(296,'sXsMzZ','2023-10-05 16:59:21',1,3),(297,'UNxzB3','2023-10-05 16:59:21',1,3),(298,'eCXnDm','2023-10-05 16:59:25',1,3),(299,'noHYMf','2023-10-05 16:59:25',1,3),(300,'vqDEc2','2023-10-05 16:59:29',1,3),(301,'wKRw9W','2023-10-05 16:59:29',1,3),(302,'06XfTw','2023-10-05 16:59:33',1,3),(303,'dqH0Mm','2023-10-05 16:59:33',1,3),(304,'iFGDnk','2023-10-05 16:59:36',1,3),(305,'KwSk55','2023-10-05 16:59:36',1,3),(306,'AzG8x9','2023-10-05 16:59:54',1,3),(307,'QP5HKY','2023-10-05 16:59:54',1,3),(308,'flykdM','2023-10-05 17:00:06',1,3),(309,'yxgxX2','2023-10-05 17:00:06',1,3),(310,'zmjAF0','2023-10-05 17:00:09',1,3),(311,'APPoHq','2023-10-05 17:00:09',1,3),(312,'GTIS7G','2023-10-05 17:00:14',1,3),(313,'32DkUF','2023-10-05 17:00:14',1,3),(314,'crilq7','2023-10-05 17:00:23',1,3),(315,'fR8ck5','2023-10-05 17:00:24',1,3),(316,'E2sqRd','2023-10-05 17:00:29',1,3),(317,'3dy7z7','2023-10-05 17:00:29',1,3),(318,'jaowbW','2023-10-05 17:00:32',1,3),(319,'ci53Eb','2023-10-05 17:00:32',1,3),(320,'3vaPdE','2023-10-05 17:00:42',1,3),(321,'JIh39x','2023-10-05 17:00:42',1,3),(322,'Yjrtz5','2023-10-05 17:00:45',1,3),(323,'A4mtAS','2023-10-05 17:00:45',1,3),(324,'Ov4BQL','2023-10-05 17:00:49',1,3),(325,'PJdXRi','2023-10-05 17:00:49',1,3),(326,'hdneyZ','2023-10-05 17:00:59',1,3),(327,'fKbTu5','2023-10-05 17:00:59',1,3),(328,'FWXr7Y','2023-10-05 17:01:16',1,3),(329,'rRkq6H','2023-10-05 17:01:16',1,3),(330,'GuelEM','2023-10-05 17:01:51',1,3),(331,'kUHp1T','2023-10-05 17:01:51',1,3),(332,'dUww1J','2023-10-05 17:01:56',1,3),(333,'sFApZB','2023-10-05 17:02:15',1,3),(334,'VNjRkT','2023-10-05 17:02:15',1,3),(335,'NN2Xp1','2023-10-05 17:02:22',1,3),(336,'Pnjzhi','2023-10-05 17:02:23',1,3),(337,'1gTQ0N','2023-10-05 17:02:28',1,3),(338,'Yhmt6S','2023-10-05 17:02:28',1,3),(339,'saDQNE','2023-10-05 17:02:31',1,3),(340,'chaXp6','2023-10-05 17:02:31',1,3),(341,'3melMy','2023-10-05 17:02:39',1,3),(342,'5PggES','2023-10-05 17:02:39',1,3),(343,'zRtQJI','2023-10-05 17:02:42',1,3),(344,'uzLGzS','2023-10-05 17:02:42',1,3),(345,'Jl8QV9','2023-10-05 17:02:47',1,3),(346,'GQ3iTw','2023-10-05 17:02:48',1,3),(347,'E9cy02','2023-10-05 17:03:13',1,3),(348,'lBLwJH','2023-10-05 17:03:13',1,3),(349,'UY34e2','2023-10-05 17:03:16',1,3),(350,'TurwwY','2023-10-05 17:03:16',1,3),(351,'mUd4mJ','2023-10-05 17:03:26',1,3),(352,'MvdxML','2023-10-05 17:06:39',1,8),(353,'xPjQ4x','2023-10-05 17:06:47',1,8),(354,'jn1gEY','2023-10-05 17:07:07',1,8),(355,'Opdh2U','2023-10-05 17:07:12',1,8),(356,'eebUFS','2023-10-05 17:07:13',1,3),(357,'1Xjb0u','2023-10-05 17:07:13',1,3),(358,'Anf7QF','2023-10-05 17:07:13',1,3),(359,'9DBuF0','2023-10-05 17:07:13',1,3),(360,'3LbpgD','2023-10-05 17:11:21',1,3),(361,'Gns9Rq','2023-10-05 17:11:47',1,3),(362,'CFPeln','2023-10-05 17:11:55',1,3),(363,'aLIaKN','2023-10-05 17:11:58',1,3),(364,'J7eMZ3','2023-10-05 17:13:38',1,3),(365,'YvaAOs','2023-10-05 17:13:47',1,3),(366,'be2NfL','2023-10-05 17:15:18',1,3),(367,'1DYyb5','2023-10-05 17:24:20',1,8),(368,'Fcajsk','2023-10-05 17:58:35',1,8),(369,'5p05AB','2023-10-05 18:21:51',1,8),(370,'d25nEk','2023-10-05 18:58:22',1,8),(371,'y4zYzg','2023-10-05 19:03:16',0,3),(372,'8JagjR','2023-10-05 19:05:36',1,8),(373,'FVzTnu','2023-10-05 19:06:31',0,8);
/*!40000 ALTER TABLE `invite_code` ENABLE KEYS */;
UNLOCK TABLES;

--
-- Table structure for table `plane`
--

DROP TABLE IF EXISTS `plane`;
/*!40101 SET @saved_cs_client     = @@character_set_client */;
/*!50503 SET character_set_client = utf8mb4 */;
CREATE TABLE `plane` (
  `id` int NOT NULL AUTO_INCREMENT,
  `company` varchar(10) DEFAULT NULL,
  `startPlane` varchar(10) DEFAULT NULL,
  `startTime` varchar(10) DEFAULT NULL,
  `endPlane` varchar(10) DEFAULT NULL,
  `endTime` varchar(10) DEFAULT NULL,
  `layover` int DEFAULT NULL,
  `logn` varchar(10) DEFAULT NULL,
  PRIMARY KEY (`id`)
) ENGINE=InnoDB DEFAULT CHARSET=utf8mb3;
/*!40101 SET character_set_client = @saved_cs_client */;

--
-- Dumping data for table `plane`
--

LOCK TABLES `plane` WRITE;
/*!40000 ALTER TABLE `plane` DISABLE KEYS */;
/*!40000 ALTER TABLE `plane` ENABLE KEYS */;
UNLOCK TABLES;

--
-- Table structure for table `planeCard`
--

DROP TABLE IF EXISTS `planeCard`;
/*!40101 SET @saved_cs_client     = @@character_set_client */;
/*!50503 SET character_set_client = utf8mb4 */;
CREATE TABLE `planeCard` (
  `id` int NOT NULL AUTO_INCREMENT,
  `cardName` varchar(20) DEFAULT NULL,
  `discountPrice` int DEFAULT NULL,
  `originPrice` int DEFAULT NULL,
  `plane_id` int NOT NULL,
  PRIMARY KEY (`id`),
  KEY `fk_planeCard_plane_id` (`plane_id`),
  CONSTRAINT `fk_planeCard_plane` FOREIGN KEY (`plane_id`) REFERENCES `plane` (`id`)
) ENGINE=InnoDB DEFAULT CHARSET=utf8mb3;
/*!40101 SET character_set_client = @saved_cs_client */;

--
-- Dumping data for table `planeCard`
--

LOCK TABLES `planeCard` WRITE;
/*!40000 ALTER TABLE `planeCard` DISABLE KEYS */;
/*!40000 ALTER TABLE `planeCard` ENABLE KEYS */;
UNLOCK TABLES;

--
-- Table structure for table `team_account`
--

DROP TABLE IF EXISTS `team_account`;
/*!40101 SET @saved_cs_client     = @@character_set_client */;
/*!50503 SET character_set_client = utf8mb4 */;
CREATE TABLE `team_account` (
  `id` int NOT NULL AUTO_INCREMENT,
  `name` varchar(45) DEFAULT NULL,
  `company` varchar(45) DEFAULT NULL,
  `account_number` varchar(45) NOT NULL,
  `end_day` date NOT NULL,
  `goal` int DEFAULT NULL,
  `create_date` datetime NOT NULL DEFAULT CURRENT_TIMESTAMP,
  PRIMARY KEY (`id`)
) ENGINE=InnoDB AUTO_INCREMENT=11 DEFAULT CHARSET=utf8mb3;
/*!40101 SET character_set_client = @saved_cs_client */;

--
-- Dumping data for table `team_account`
--

LOCK TABLES `team_account` WRITE;
/*!40000 ALTER TABLE `team_account` DISABLE KEYS */;
INSERT INTO `team_account` VALUES (3,'박황최 ㄱㄱ!!!','신한은행','8765432187654322','2025-09-09',3500000,'2023-10-02 12:13:15'),(4,'원석 살 돈이 없어요','카카오뱅크','1974028735781723','2025-09-14',320000,'2023-10-04 00:45:08'),(8,'놀러가자','Kakao','3333080090396','2023-11-30',5000000,'2023-10-05 04:50:17');
/*!40000 ALTER TABLE `team_account` ENABLE KEYS */;
UNLOCK TABLES;

--
-- Table structure for table `team_member`
--

DROP TABLE IF EXISTS `team_member`;
/*!40101 SET @saved_cs_client     = @@character_set_client */;
/*!50503 SET character_set_client = utf8mb4 */;
CREATE TABLE `team_member` (
  `id` int NOT NULL AUTO_INCREMENT,
  `user_id` int NOT NULL,
  `team_account_id` int NOT NULL,
  `master` tinyint(1) DEFAULT '0',
  `nickname` varchar(45) DEFAULT NULL,
  `goal` int DEFAULT '0',
  PRIMARY KEY (`id`),
  KEY `fk_team_member_user1_idx` (`user_id`),
  KEY `fk_team_member_team_account1_idx` (`team_account_id`),
  CONSTRAINT `fk_team_member_team_account1` FOREIGN KEY (`team_account_id`) REFERENCES `team_account` (`id`),
  CONSTRAINT `fk_team_member_user1` FOREIGN KEY (`user_id`) REFERENCES `user` (`id`)
) ENGINE=InnoDB AUTO_INCREMENT=20 DEFAULT CHARSET=utf8mb3;
/*!40101 SET character_set_client = @saved_cs_client */;

--
-- Dumping data for table `team_member`
--

LOCK TABLES `team_member` WRITE;
/*!40000 ALTER TABLE `team_member` DISABLE KEYS */;
INSERT INTO `team_member` VALUES (1,1,3,1,'잘되나?',2023),(2,2,3,0,'킴큰우',5000),(3,3,3,0,'대장',141431232),(5,4,4,1,'정대장나가신다',2023),(6,7,4,0,'곰이에요~',5000),(7,2,4,0,'김근우',1000),(14,10,8,1,'녹림왕',1000000),(15,7,8,0,'곰',1000000),(16,5,8,0,'부부젤라',1000000),(17,3,8,0,'대장',1000000);
/*!40000 ALTER TABLE `team_member` ENABLE KEYS */;
UNLOCK TABLES;

--
-- Table structure for table `user`
--

DROP TABLE IF EXISTS `user`;
/*!40101 SET @saved_cs_client     = @@character_set_client */;
/*!50503 SET character_set_client = utf8mb4 */;
CREATE TABLE `user` (
  `id` int NOT NULL AUTO_INCREMENT,
  `name` varchar(45) NOT NULL,
  `email` varchar(45) NOT NULL,
  `password` varchar(200) NOT NULL,
  `birthday` datetime DEFAULT NULL,
  `tel` varchar(45) NOT NULL,
  `refresh_token` varchar(200) DEFAULT NULL,
  `uuid` varchar(45) DEFAULT NULL,
  `create_at` datetime DEFAULT NULL,
  `update_at` datetime DEFAULT NULL,
  `role` varchar(45) DEFAULT 'USER',
  PRIMARY KEY (`id`)
) ENGINE=InnoDB AUTO_INCREMENT=14 DEFAULT CHARSET=utf8mb3;
/*!40101 SET character_set_client = @saved_cs_client */;

--
-- Dumping data for table `user`
--

LOCK TABLES `user` WRITE;
/*!40000 ALTER TABLE `user` DISABLE KEYS */;
INSERT INTO `user` VALUES (1,'얼린초코바','chocobard109@gmail.com','{bcrypt}$2a$10$axeM3d0pSogNFsy6XFKtCeFluEyL8mLv85y/cLSSxcLZhMvKfXwEK','2000-03-03 00:00:00','010-2222-1111','eyJhbGciOiJIUzUxMiIsInR5cCI6IkpXVCJ9.eyJzdWIiOiJSZWZyZXNoVG9rZW4iLCJleHAiOjE2OTY2NjE5ODV9.YWRVRs-vrTy27stLVp-PGwW5CeYyDK6pKDMyKSktJg8ye1qTkc2YKJXFiqcsKksobWYO-dA_YkoWEuP3BHFkoQ',NULL,'2023-09-19 05:54:17','2023-10-05 18:59:45','USER'),(2,'김근우','twnkjsfagnji@gmail.com','{bcrypt}$2a$10$8JgntomMU3r/xccu1ORf8.coJhLajUE/RbALCfBMMgPdOpyRk1ab2','1996-10-26 00:00:00','010-7124-9234','eyJhbGciOiJIUzUxMiIsInR5cCI6IkpXVCJ9.eyJzdWIiOiJSZWZyZXNoVG9rZW4iLCJleHAiOjE2OTY1MzkxODh9.tf_rPVFduST2Acqh6MP240-sDY1xMWf7jFJgY5W00wNklreDM6NK4-TA9MOzp3tn9WLJL_VVJVkBIN9xOMJWlA',NULL,'2023-09-21 04:38:15','2023-10-04 17:53:09','USER'),(3,'최희주','gmlwnchl@naver.com','{bcrypt}$2a$10$O8yqWekc22FflbyFd7TlsuEOHZN08xphtGsz3fYh7.LxCPnUXh9.G','2000-11-04 00:00:00','010-1234-1234','eyJhbGciOiJIUzUxMiIsInR5cCI6IkpXVCJ9.eyJzdWIiOiJSZWZyZXNoVG9rZW4iLCJleHAiOjE2OTY2NjAxODV9.EnFr9QSy13xw49pKHrcts2VD8A2d3Oz3eO-5VvAQdTxoIwiWq3HajMG7d-Dj5zyoSiMtdVMIKHMSM6dWvCFb2w',NULL,'2023-09-21 05:40:46','2023-10-05 18:29:45','USER'),(4,'정선재','younh1002@naver.com','{bcrypt}$2a$10$JZMsP7UFVVGKdMXRBQx9deErR7JLGhDDc0VTS.WSRW9uhF4UDSLIO','1994-06-01 00:00:00','010-7313-3668','eyJhbGciOiJIUzUxMiIsInR5cCI6IkpXVCJ9.eyJzdWIiOiJSZWZyZXNoVG9rZW4iLCJleHAiOjE2OTY2NTUxODV9.VAcL5FyR6ZWTSrNU0MzHNWDGgVDeohXgjg_-SSrO4d6QZwpDgock7LQKmt7PVwzcmVidcfEuOpBjj8hLvFaG7w',NULL,'2023-09-22 01:05:08','2023-10-05 17:06:26','USER'),(5,'4324','fdsfa','{bcrypt}$2a$10$ksevV3vOHaZqnlFg9moQ9O0upgXqXKw7gcbuKXaVlxvYVucozGktq','1995-05-27 00:00:00','NH',NULL,NULL,'2023-09-24 16:05:06','2023-09-24 16:05:06','USER'),(6,'508109749831','정준우죽어라','{bcrypt}$2a$10$8FQ.L3hSKaX1.ibBtUzvVeY6X2iQB99UZ6GCh2YzFnAvp9twyQp9m','1970-05-31 00:00:00','Post',NULL,NULL,'2023-09-25 00:35:08','2023-09-25 00:35:08','USER'),(7,'진창호','ckdgh8204@naver.com','{bcrypt}$2a$10$aXxum.6aRUOXpdNvdn/sweS3lJYfeVKKSEXERfjYJraDm6bj34Fl6','1998-07-12 00:00:00','010-2870-4857','eyJhbGciOiJIUzUxMiIsInR5cCI6IkpXVCJ9.eyJzdWIiOiJSZWZyZXNoVG9rZW4iLCJleHAiOjE2OTY1NTQ4NzF9.zUAFq-lfjvc5Eun-5prR5ECXsvJgisY_Hg9ugnIDe-QaybBQz1-o-vHV4U4DZTXDbPCLnE2SE8Lb3zeZr1Uy8g',NULL,'2023-09-27 04:52:18','2023-10-04 13:14:31','USER'),(9,'8765432187654322','bird-account','{bcrypt}$2a$10$ZaRjocT3RrWHvVYxk9ZcIet6ihmCkTYWn9al87eaOVHHB2F7yx1YO','2023-10-09 00:00:00','Shinhan',NULL,NULL,'2023-10-04 14:14:56','2023-10-04 14:14:56','USER'),(10,'김근우','gavinchoi238@gmail.com','{bcrypt}$2a$10$mBBDlBYtC4q0zCVs9SXM4.YQ5dz0UKC678IdJ09Rqe424IYSs.Yau','1996-10-26 00:00:00','010-7124-9234','eyJhbGciOiJIUzUxMiIsInR5cCI6IkpXVCJ9.eyJzdWIiOiJSZWZyZXNoVG9rZW4iLCJleHAiOjE2OTY2NjIyMDB9.oepMNgFPQ-TugGzNNWAud1Bzs-E3S1NCV3xBpKP0-zoyw3Ic5obh8E0Cwnplir1kz5QpaRPaoYxC2dvdEFLqtQ',NULL,'2023-10-05 04:46:13','2023-10-05 19:03:21','USER'),(11,'한기철','asya390@naver.com','{bcrypt}$2a$10$W2ide9MrzRus5jv7fQ6nTe0N1OjDKGTXj76b8r4I5pi39b9iQqSsS','1976-12-08 00:00:00','010-1234-5566','eyJhbGciOiJIUzUxMiIsInR5cCI6IkpXVCJ9.eyJzdWIiOiJSZWZyZXNoVG9rZW4iLCJleHAiOjE2OTY2MTMyNzN9.aqVs8uhciNQf8bHuZOHh1kW5JAc4OGOkYEqJAP7rLQk4L7P5M5ENRmsyKBe01_qVm3p6pBHNuOipfk0-JEfg6w',NULL,'2023-10-05 05:27:44','2023-10-05 05:27:53','USER'),(12,'최가연','gayun0303@gmail.com','{bcrypt}$2a$10$KsHYhfMB0qPPK0DoVUuuqOZT86geSqGM0qm2ebmaxN7X96uquBNjC','2000-03-03 00:00:00','010-1111-2222','eyJhbGciOiJIUzUxMiIsInR5cCI6IkpXVCJ9.eyJzdWIiOiJSZWZyZXNoVG9rZW4iLCJleHAiOjE2OTY2MjM5NjR9.dZ8DaO5Og2NrQXCoU5arg4loHj3rmr-B-Lx-gE-T5OIiFyiSSaeBISt2x_vfzuPZCZ1GVQNx77tPwPeUz8RUjw',NULL,'2023-10-05 08:17:47','2023-10-05 08:26:05','USER'),(13,'김테스트','sendingemail204@gmail.com','{bcrypt}$2a$10$YqF1YcOqvXucIhp/leLxeuYlCxl/r6KtqEePV0RzxcYaxiip9ufxe','2000-03-03 00:00:00','010-1111-2222','eyJhbGciOiJIUzUxMiIsInR5cCI6IkpXVCJ9.eyJzdWIiOiJSZWZyZXNoVG9rZW4iLCJleHAiOjE2OTY2NTM0NDJ9.W16lMmqvN23L6AZHGFXdz2U10vqFsw_1zBoQ6sSXQ3TauStN3yppJLnZUKO6F3nIuIrfY3yidG-NYzyJpAcElQ',NULL,'2023-10-05 16:35:37','2023-10-05 16:46:10','USER');
/*!40000 ALTER TABLE `user` ENABLE KEYS */;
UNLOCK TABLES;

--
-- Table structure for table `user_card`
--

DROP TABLE IF EXISTS `user_card`;
/*!40101 SET @saved_cs_client     = @@character_set_client */;
/*!50503 SET character_set_client = utf8mb4 */;
CREATE TABLE `user_card` (
  `id` int NOT NULL AUTO_INCREMENT,
  `user_id` int NOT NULL,
  `card_id` int NOT NULL,
  `card_nickname` varchar(45) DEFAULT NULL,
  `card_number` varchar(45) NOT NULL,
  `card_valid_date` varchar(45) NOT NULL,
  PRIMARY KEY (`id`),
  KEY `fk_user_card_user_idx` (`user_id`),
  KEY `fk_user_card_card1_idx` (`card_id`),
  CONSTRAINT `fk_user_card_card1` FOREIGN KEY (`card_id`) REFERENCES `card` (`id`),
  CONSTRAINT `fk_user_card_user` FOREIGN KEY (`user_id`) REFERENCES `user` (`id`)
) ENGINE=InnoDB AUTO_INCREMENT=23 DEFAULT CHARSET=utf8mb3;
/*!40101 SET character_set_client = @saved_cs_client */;

--
-- Dumping data for table `user_card`
--

LOCK TABLES `user_card` WRITE;
/*!40000 ALTER TABLE `user_card` DISABLE KEYS */;
INSERT INTO `user_card` VALUES (8,1,25,'교통카드2','9999-1200-0000-0000','12/27'),(15,12,1,'생활비','5140-4317-4826-4827','08/25'),(16,1,1,'ㅅㄷㄴㅅ','5140-4344-4444-4444','12/31'),(17,3,36,'싸피','5361-4812-3123-1231','12/31'),(19,13,1,'생활','5140-4354-7438-9258','11/25'),(21,10,46,'SS카드','5361-4925-8053-3679','12/31'),(22,10,4,'놀러가는 카드','5424-1625-8063-2568','12/31');
/*!40000 ALTER TABLE `user_card` ENABLE KEYS */;
UNLOCK TABLES;
/*!40103 SET TIME_ZONE=@OLD_TIME_ZONE */;

/*!40101 SET SQL_MODE=@OLD_SQL_MODE */;
/*!40014 SET FOREIGN_KEY_CHECKS=@OLD_FOREIGN_KEY_CHECKS */;
/*!40014 SET UNIQUE_CHECKS=@OLD_UNIQUE_CHECKS */;
/*!40101 SET CHARACTER_SET_CLIENT=@OLD_CHARACTER_SET_CLIENT */;
/*!40101 SET CHARACTER_SET_RESULTS=@OLD_CHARACTER_SET_RESULTS */;
/*!40101 SET COLLATION_CONNECTION=@OLD_COLLATION_CONNECTION */;
/*!40111 SET SQL_NOTES=@OLD_SQL_NOTES */;

-- Dump completed on 2023-10-06  4:07:44
